step,arc,vx,accept_0,accept_1,accept_2,accept_mean,dS_p10_0,dS_p10_1,dS_p10_2,dS_p10_mean,dS_p50_0,dS_p50_1,dS_p50_2,dS_p50_mean,d_cost_0,d_cost_1,d_cost_2,d_cost_mean,ess_final,ess_post_0,ess_post_1,ess_post_2,ess_post_mean,ess_pre_0,ess_pre_1,ess_pre_2,ess_pre_mean,evolve_attract_ess_0,evolve_attract_ess_1,evolve_attract_ess_2,evolve_attract_ess_mean,sigma_S_0,sigma_S_1,sigma_S_2,sigma_S_mean,sigma_S_bulk_0,sigma_S_bulk_1,sigma_S_bulk_2,sigma_S_bulk_mean,unique_anc0,w_max
1,0,6,0.64,0.524,0.526,0.563333,1858.81,589.328,264.521,904.221,3180.2,969.074,757.829,1635.7,-810.587,-156.425,-97.4866,-354.833,37.0313,155.971,131.737,37.0313,108.246,1.52828,18.5139,79.6667,33.2363,55.0295,96.4553,96.4499,82.6449,1062.39,450.276,348.303,620.325,636.607,171.447,200.876,336.31,15,0.075505
2,0,5.84737,0.63,0.58,0.52,0.576667,1394.53,287.068,304.693,662.098,2566.6,599.191,631.371,1265.72,-686.837,-151.439,-91.3752,-309.884,43.4144,180.709,154.875,43.4144,126.333,1.92289,124.114,98.4883,74.8418,66.2355,96.5218,97.2218,86.6597,1121.67,561.173,422.283,701.709,527.241,127.244,140.249,264.911,29,0.0777197
3,0,5.72084,0.644,0.596,0.508,0.582667,734.242,187.102,211.56,377.634,1623.41,476.037,487.499,862.317,-605.82,-150.394,-92.8987,-283.037,101.509,324.025,271.014,101.509,232.183,11.0736,155.201,150.698,105.658,73.3746,97.0679,97.8,89.4142,1146.46,416.768,341.713,634.982,369.1,115.461,117.586,200.716,41,0.0308136
4,0,5.5361,0.562,0.602,0.55,0.571333,931.219,172.488,151.197,418.301,1688.85,388.205,402.428,826.495,-464.951,-137.184,-113.875,-238.67,124.891,355.874,289.633,124.891,256.799,4.921,208.63,182.309,131.953,78.8367,97.5584,96.8843,91.0931,1429.12,791.836,629.966,950.307,334.442,86.4319,100.656,173.843,34,0.0272428
5,0,5.35373,0.636,0.632,0.588,0.618667,614.719,262.745,274.839,384.101,1125.36,590.577,509.05,741.662,-390.105,-138.679,-102.212,-210.332,117.653,389.069,345.902,117.653,284.208,15.5747,128.606,151.882,98.6875,87.4962,97.0422,98.3282,94.2889,1525.01,826.582,685.939,1012.51,224.548,133.697,107.019,155.088,58,0.035234
6,0,5.17011,0.664,0.674,0.532,0.623333,480.469,150.681,184.26,271.803,944.273,557.061,424.563,641.966,-385.977,-133.528,-134642,-45053.7,114.21,440.225,284.479,114.21,279.638,33.3015,145.101,190.595,122.999,87.138,96.6186,88.076,90.6109,1497.36,834.92,1.10643e+06,369588,197.445,149.293,96.7813,147.84,63,0.0336428
7,1.91467,4.98384,0.652,0.69,0.566,0.636,439.852,149.255,205.199,264.769,932.273,431.291,411.558,591.707,-382.847,-131.029,-113629,-38047.6,138.913,438.361,343.725,138.913,306.999,39.2695,178.26,200.862,139.464,87.9951,98.0715,94.0167,93.3611,1570.73,971.894,9.76692e+06,3.25649e+06,211.433,111.289,89.0925,137.271,74,0.0276393
8,1.91467,4.79941,0.65,0.69,0.574,0.638,437.594,467.594,270.249,391.812,885.344,732.653,523.459,713.819,-358.522,-144.172,-526899,-175800,80.5682,454.947,199.382,80.5682,244.966,52.4974,50.4888,140.471,81.1525,88.3411,97.3316,81.4597,89.0442,1694.42,1017.2,8.82336e+06,2.94202e+06,179.916,205.333,108.172,164.474,91,0.0418116
9,1.91467,4.61515,0.636,0.7,0.584,0.64,357.844,109.585,231.972,233.133,842.328,645.224,492.695,660.082,-387.39,-166.343,-887628,-296061,135.938,469.885,422.636,135.938,342.82,65.3388,181.72,143.44,130.166,88.0205,95.3795,60.0979,81.166,1631.21,1105.01,1.17397e+07,3.91415e+06,197.344,154.021,99.9978,150.454,50,0.0327783
10,1.91467,4.42948,0.658,0.67,0.576,0.634667,313.891,166.663,221.435,233.996,753.852,439.247,405.97,533.023,-383.778,-161.623,-515959,-172168,128.394,428.131,299.024,128.394,285.183,71.3799,167.879,222.791,154.017,88.752,95.5221,80.2218,88.1653,1593.63,1106.43,2.96792e+07,9.89397e+06,178.721,108.534,74.039,120.431,76,0.0383522
11,1.91467,4.23942,0.67,0.71,0.572,0.650667,323.086,146.511,172.804,214.133,782.758,335.229,492.433,536.807,-364.191,-144.776,-1.01483e+06,-338448,113.112,464.3,412.674,113.112,330.029,72.6931,233.205,149.33,151.743,89.6295,97.2595,60.1145,82.3345,1557.61,1053.56,1.64509e+07,5.48451e+06,184.808,80.1518,120.108,128.356,100,0.0271993
12,1.91467,4.05445,0.622,0.702,0.554,0.626,402.086,127.187,110.561,213.278,930.414,325.672,580.891,612.326,-410.313,-134.431,-1.12871e+06,-376418,149.297,463.676,411.682,149.297,341.552,53.1891,237.03,164.06,151.426,85.0046,97.9123,53.5737,78.8302,1558.48,946.165,3.58717e+07,1.19581e+07,209.008,79.5158,125.663,138.062,86,0.0232108
13,1.91467,3.85647,0.646,0.676,0.526,0.616,320.789,147.995,227.563,232.116,798.547,359.052,641.46,599.686,-382.143,-143.103,-1.11962e+06,-373381,98.0121,467.826,393.661,98.0121,319.833,78.9997,220.75,143.396,147.715,87.7523,97.755,54.1246,79.8773,1640.16,1047.46,3.60123e+07,1.2005e+07,190.538,85.2578,124.683,133.493,105,0.0484833
14,1.91467,3.66033,0.682,0.698,0.528,0.636,338.781,130.941,185.934,218.552,781.109,350.116,3164.89,1432.04,-401.107,-141.112,-1.12311e+06,-374549,110.464,472.581,429.401,110.464,337.482,71.4663,216.627,122.552,136.882,88.1799,97.9274,49.9593,78.6889,1502.9,888.907,3.08792e+07,1.02939e+07,182.721,88.3576,706.022,325.7,89,0.0276085
15,1.91467,3.47381,0.638,0.69,0.576,0.634667,490.086,132.382,118.93,247.133,1028.32,416.554,442.258,629.044,-385.445,-127.898,-971755,-324089,150.852,468.152,377.525,150.852,332.176,34.7406,171.884,182.772,129.799,86.8692,97.3401,58.9474,81.0522,1565.18,1026.18,3.15695e+07,1.0524e+07,220.899,116.235,101.729,146.288,60,0.0173718
16,1.91467,3.28822,0.664,0.696,0.51,0.623333,265.938,176.313,182.154,208.135,677.867,373.419,537.863,529.716,-370.637,-129.086,-1.29569e+06,-432063,158.399,467.473,456.618,158.399,360.83,86.2122,235.235,167.017,162.821,88.3364,97.9675,55.9308,80.7449,1591.35,909.39,4.5007e+07,1.50032e+07,175.474,79.4775,96.1132,117.022,100,0.0245097
17,3.83073,3.09203,0.648,0.69,0.548,0.628667,381.195,155.597,192.983,243.258,843.508,442.924,116194,39160.2,-366.077,-131.955,-1.77442e+06,-591640,121.614,427.889,358.606,121.614,302.703,53.865,175.511,131.428,120.268,89.3659,97.6496,48.8273,78.6143,1601.44,813.693,8.3137e+07,2.77131e+07,189.885,113.076,3113.37,1138.78,80,0.0270975
18,3.83073,2.90758,0.64,0.634,0.494,0.589333,458.875,191.571,361.273,337.24,882.398,418.24,2.20439e+07,7.34841e+06,-389.025,-133.681,-2.22935e+06,-743291,64.7597,411.883,289.621,64.7597,255.421,45.084,189.119,55.5249,96.576,88.778,97.64,33.18,73.1993,1607.53,839.7,1.0009e+08,3.33643e+07,187.875,95.8776,5.43719e+06,1.81249e+06,87,0.0590857
19,3.83073,2.72398,0.666,0.666,0.486,0.606,477.969,137.55,241.829,285.783,910.281,484.807,2.2795e+07,7.59878e+06,-376.547,-130.406,-2.3177e+06,-772735,47.5805,470.294,368.87,47.5805,295.581,39.14,162.697,59.4008,87.0792,87.9328,97.0696,29.1678,71.39,1508.9,943.88,7.31641e+07,2.43889e+07,187.79,131.67,6.86276e+06,2.28769e+06,61,0.0883239
20,3.83073,2.5423,0.638,0.656,0.514,0.602667,458.906,141.294,216.739,272.313,929.977,465.374,3.06857e+06,1.02332e+06,-350.328,-133.209,-2.25675e+06,-752412,89.7819,450.505,415.933,89.7819,318.74,41.2796,162.771,106.977,103.676,88.4584,97.2453,43.9906,76.5648,1689.41,1031.45,1.23853e+08,4.12851e+07,189.995,123.54,474563,158292,67,0.0387198
21,3.83073,2.35164,0.67,0.662,0.49,0.607333,341.32,192.139,380.893,304.784,843.258,426.097,4.04684e+07,1.34899e+07,-373.837,-124.612,-2.94457e+06,-981689,39.9482,463.853,414.203,39.9482,306.001,64.8249,191.538,46.2171,100.86,88.3344,97.8098,25.9482,70.6975,1572.8,910.596,1.05805e+08,3.5269e+07,206.709,98.134,9.34028e+06,3.11353e+06,84,0.0838571
22,3.83073,2.1562,0.654,0.628,0.508,0.596667,509.977,226.713,308.928,348.539,1011.72,480.615,1229.85,907.396,-430.609,-3488.15,-2.01318e+06,-672366,133.357,472.935,426.103,133.357,344.132,28.74,146.49,124.132,99.7873,85.2871,97.2804,54.2556,78.941,1559.32,229447,1.58542e+08,5.29242e+07,237.441,112.576,107.825,152.614,46,0.0346844
23,3.83073,1.95926,0.654,0.65,0.502,0.602,375.484,165.182,686.389,409.018,853.648,461.492,1.10147e+08,3.67162e+07,-418.117,-4137.96,-4.53553e+06,-1.51336e+06,11.1764,457.436,373.904,11.1764,280.839,48.0226,172.994,8.92634,76.6478,86.8597,96.9904,19.5966,67.8156,1566.84,325707,1.36584e+08,4.56371e+07,204.146,112.656,3.68903e+07,1.22969e+07,74,0.265863
24,3.83073,1.77368,0.61,0.644,0.564,0.606,495.254,250.076,524.844,423.391,1136.39,501.612,2.08639e+08,6.95469e+07,-391.708,-131.964,-6.22861e+06,-2.07638e+06,30.3358,462.982,420.894,30.3358,304.737,31.5737,142.706,32.282,68.8539,85.2416,97.7163,21.6642,68.2074,1468.61,1017.16,1.71461e+08,5.71544e+07,271.097,110.824,6.22265e+07,2.07423e+07,53,0.119047
25,3.83073,1.57563,0.626,0.602,0.552,0.593333,654.004,236.933,1.75587e+07,5.85321e+06,1280.99,397.007,2.47473e+08,8.24916e+07,-433.024,-133.172,-8.48806e+06,-2.82954e+06,11.2268,441.333,408.879,11.2268,287.146,16.6894,235.637,15.7111,89.346,81.8726,97.7508,9.36243,62.9953,1518.4,7829.87,1.2515e+08,4.17199e+07,277.007,69.6423,8.79783e+07,2.93262e+07,57,0.228392
26,3.83073,1.39721,0.652,0.646,0.59,0.629333,576.926,202.971,1.10574e+07,3.68606e+06,1144.06,519.611,2.08167e+08,6.93897e+07,-448.32,-16934.6,-9.62496e+06,-3.21411e+06,5.74388,414.253,260.356,5.74388,226.785,21.8259,143.82,6.84107,57.4957,84.5716,96.3463,7.43997,62.7859,1499.35,251882,1.15705e+08,3.86528e+07,241.108,124.134,7.18761e+07,2.39588e+07,66,0.313336
27,3.83073,1.21441,0.648,0.608,0.514,0.59,987.762,263.601,1307.47,852.944,1560.87,722.885,1.01783e+08,3.39284e+07,-423.154,-229267,-6.08797e+06,-2.10589e+06,18.8383,146.338,346.113,18.8383,170.43,2.45431,81.2364,12.837,32.1759,84.6152,86.8867,13.6486,61.7169,1559.68,1.52905e+07,1.58629e+08,5.79737e+07,242.199,189.631,3.58911e+07,1.19639e+07,51,0.132368
28,3.83073,1.02304,0.632,0.578,0.5,0.57,1049.45,333.936,379.765,587.716,1650.6,583.894,3.96468e+07,1.32163e+07,-438.809,-100107,-3.68041e+06,-1.26032e+06,66.7276,323.367,375.173,66.7276,255.089,12.7623,140.065,36.3601,63.0626,83.5082,92.2232,30.1512,68.6275,1482.09,675626,1.40031e+08,4.69027e+07,373.469,97.3814,1.23871e+07,4.12918e+06,28,0.0453011
29,3.83073,0.843718,0.64,0.582,0.53,0.584,438.449,324.337,496.965,419.917,1596.1,652.195,8.2377e+07,2.74597e+07,-551.731,-401413,-7.60414e+06,-2.6687e+06,16.9488,405.911,192.056,16.9488,204.972,33.2799,80.9956,24.3729,46.2161,74.4598,78.1141,15.5151,56.0297,1654.92,7.33533e+06,1.38664e+08,4.8667e+07,477.451,147.603,2.5652e+07,8.55089e+06,59,0.170725
30,3.83073,0.644494,0.662,0.652,0.518,0.610667,619.59,302.566,7.54946e+06,2.5168e+06,1138.61,613.233,1.10088e+08,3.66965e+07,-558.954,-338656,-6.42655e+06,-2.25526e+06,4.81617,377.391,312.608,4.81617,231.605,18.8182,106.186,6.93547,43.9798,77.0006,88.3242,7.18162,57.5021,1640.54,1.11328e+07,1.71788e+08,6.0974e+07,243.973,133.507,3.35751e+07,1.11918e+07,41,0.276123
31,3.83073,0.448383,0.592,0.568,0.528,0.562667,516.977,280.495,481.247,426.24,1140.15,668.83,1.68504e+08,5.61686e+07,-537.848,-726694,-5.16186e+06,-1.96303e+06,42.0206,428.904,375.177,42.0206,282.034,23.9839,87.5271,27.991,46.5007,78.4055,71.5402,25.9131,58.6196,1648.93,1.59731e+07,1.75061e+08,6.36787e+07,256.904,146.61,4.65444e+07,1.55149e+07,57,0.0733703
32,3.83073,0.231654,0.636,0.568,0.556,0.586667,560.68,153.933,1061.06,591.891,1166.24,448.779,2.25446e+08,7.51493e+07,-537.649,-457749,-7.18773e+06,-2.54867e+06,29.4771,407.045,299.051,29.4771,245.191,23.8995,176.817,8.08921,69.6019,80.0285,80.0692,23.5773,61.225,1573.43,1.16191e+07,1.5757e+08,5.63967e+07,271.732,106.257,7.40821e+07,2.46942e+07,48,0.122852
33,3.83073,0.0367984,0.638,0.604,0.554,0.598667,492.59,160.122,1741.17,797.959,1191.73,576.552,3.27505e+08,1.09169e+08,-460.148,-964022,-6.44714e+06,-2.47054e+06,49.2639,433.315,307.69,49.2639,263.423,30.3465,130.517,3.15971,54.6743,82.2397,65.2955,27.5652,58.3668,1572.49,2.28322e+07,1.81913e+08,6.82491e+07,285.881,149.753,1.18303e+08,3.94345e+07,43,0.0640387
34,3.83073,-0.162367,0.602,0.582,0.542,0.575333,644.141,215.849,1687.21,849.065,1266.04,823.41,2.99836e+07,9.99522e+06,-427.176,-521210,-5.90112e+06,-2.14092e+06,41.6576,371.665,148.966,41.6576,187.43,13.6376,78.8913,4.78221,32.4371,83.8926,77.0907,23.5285,61.5039,1700.26,2.86424e+07,1.20054e+08,4.95659e+07,262.815,242.062,7.92471e+06,2.64174e+06,37,0.0677743
35,3.83073,-0.382297,0.678,0.542,0.46,0.56,522.234,170.769,69670.6,23454.5,1044.62,429.628,1.67185e+08,5.57288e+07,-464.826,-821847,-6.04127e+06,-2.28786e+06,4.08651,411.125,365.884,4.08651,260.365,32.6067,159.208,7.479,66.4311,86.1413,69.0094,9.24001,54.7969,1575.51,3.27067e+07,1.52868e+08,6.18587e+07,216.896,105.203,5.45081e+07,1.81695e+07,57,0.373691
36,3.83073,-0.571136,0.626,0.514,0.566,0.568667,468.246,137.297,1452.45,685.998,992.191,702.27,1707.37,1133.94,-419.97,-1.07158e+06,-2.6937e+06,-1.25523e+06,153.957,458.305,359.4,153.957,323.887,37.0218,121.765,8.96224,55.9163,86.7842,60.1799,56.2168,67.727,1616.92,5.00358e+07,1.47309e+08,6.57823e+07,221.776,178.745,309.795,236.772,44,0.0209551
37,3.83073,-0.775129,0.626,0.51,0.592,0.576,560.375,222.16,1735.87,839.469,1071.24,619.233,7.18084e+07,2.39367e+07,-429.727,-1.3328e+06,-6.78453e+06,-2.70592e+06,99.9023,362.54,439.011,99.9023,300.484,29.7196,104.707,7.01588,47.1475,84.7282,62.5671,26.5286,57.9413,1666.87,4.02253e+07,1.29628e+08,5.66184e+07,227.006,144.582,2.07432e+07,6.91452e+06,78,0.020169
38,3.83073,-0.971168,0.632,0.522,0.498,0.550667,355.367,203.885,2232.55,930.602,929.746,548.041,5.33045e+07,1.77687e+07,-426.944,-1.1321e+06,-4.61613e+06,-1.91622e+06,118.316,382.212,395.823,118.316,298.784,48.7388,128.169,13.6058,63.5045,85.3386,67.4223,36.0416,62.9342,1637.77,2.49519e+07,1.34572e+08,5.31752e+07,237.047,144.272,1.55362e+07,5.17887e+06,99,0.0167553
39,3.83073,-1.14947,0.654,0.506,0.536,0.565333,394.273,301.716,68.6885,254.893,945.465,580.508,1.66028e+07,5.53478e+06,-417.813,-1.60921e+06,-5.45261e+06,-2.35408e+06,146.578,444.053,429.671,146.578,340.101,48.3782,107.344,168.588,108.103,85.552,65.2609,41.4904,64.1011,1582.74,4.37035e+07,1.19426e+08,5.43771e+07,227.323,125.941,2.77534e+06,925232,77,0.0129706
40,3.83073,-1.33244,0.652,0.536,0.596,0.594667,457.766,355.979,2327.56,1047.1,1002.31,650.186,5.29505e+07,1.76507e+07,-403.061,-2.0387e+06,-6.60165e+06,-2.88025e+06,100.785,408.406,417.361,100.785,308.851,39.5038,93.4237,4.4654,45.7976,86.0872,68.734,29.8286,61.55,1650.11,3.90378e+07,1.21515e+08,5.35183e+07,216.334,120.951,1.34949e+07,4.49843e+06,94,0.0173213
41,3.83073,-1.51847,0.648,0.504,0.556,0.569333,632.68,404.284,1603.46,880.141,1216.66,707.73,3.91368e+07,1.30462e+07,-412.661,-1.60449e+06,-6.7487e+06,-2.78454e+06,78.0381,369.367,382.546,78.0381,276.65,13.4397,58.1202,5.98729,25.8491,85.0762,66.758,24.909,58.9144,1553.98,6.15171e+07,1.18268e+08,5.99288e+07,239.995,150.429,1.22503e+07,4.08357e+06,65,0.0253616
42,3.83073,-1.70233,0.642,0.492,0.546,0.56,509.422,435.227,43.1182,329.256,1059.38,1825.34,4.13339e+07,1.37789e+07,-388.398,-2.51985e+06,-6.35784e+06,-2.95936e+06,95.0379,400.258,375.727,95.0379,290.341,28.1927,53.2416,123.963,68.4659,86.2733,51.5702,26.3814,54.7416,1575.45,5.16452e+07,1.23669e+08,5.84384e+07,229.024,227.994,1.24445e+07,4.14832e+06,72,0.0198286
43,3.83073,-1.87673,0.622,0.51,0.54,0.557333,744.777,496.632,163.171,468.193,1408.84,778.992,9.69017e+07,3.23013e+07,-448.985,-1.60006e+06,-7.40464e+06,-3.00172e+06,62.1866,444.815,453.775,62.1866,320.259,11.024,38.3965,72.2339,40.5515,82.0587,75.8459,19.3645,59.0897,1478.37,4.62293e+07,1.1735e+08,5.4527e+07,285.051,145.984,3.1326e+07,1.04421e+07,39,0.0396965
44,3.83073,-2.04731,0.646,0.508,0.528,0.560667,560.352,440.518,1988.35,996.405,1055.81,1080.04,2.10689e+07,7.02369e+06,-455.242,-3.07219e+06,-5.40768e+06,-2.82677e+06,118.588,450.385,430.099,118.588,333.024,24.8562,37.3516,5.36843,22.5254,84.439,53.251,36.6863,58.1254,1549.22,7.6044e+07,1.18467e+08,6.48376e+07,220.855,213.951,6.67794e+06,2.22612e+06,68,0.0167465
45,3.83073,-2.23298,0.636,0.54,0.562,0.579333,662.32,696.9,93.0693,484.097,1219.16,2.21287e+06,3.16098e+07,1.12746e+07,-457.251,-3.54141e+06,-7.31566e+06,-3.61918e+06,50.2125,414.636,263.955,50.2125,242.935,14.2714,8.9938,84.7897,36.0183,85.1052,43.9366,20.5464,49.8628,1401.89,9.32539e+07,1.24749e+08,7.26681e+07,246.202,337025,1.06201e+07,3.65247e+06,40,0.0438262
46,3.83073,-2.41856,0.608,0.534,0.53,0.557333,616.605,452.181,70.1416,379.643,1170.84,1.65935e+06,1.72866e+07,6.31569e+06,-428.723,-5.79187e+06,-5.4399e+06,-3.74407e+06,129.7,473.738,459.624,129.7,354.354,19.1314,43.0353,141.074,67.7467,84.6903,45.134,35.1454,54.9899,1363.1,1.60961e+08,1.04488e+08,8.84834e+07,252.134,62964.8,4.80864e+06,1.62395e+06,49,0.014265
47,3.83073,-2.60162,0.652,0.544,0.634,0.61,510.812,417.037,238.808,388.886,1134.68,1196.59,6.95405e+07,2.3181e+07,-485.053,-4.98422e+06,-1.03105e+07,-5.09841e+06,56.7576,393.699,345.365,56.7576,265.274,26.9707,48.6495,67.734,47.7847,84.1153,46.4774,21.9299,50.8409,1444.85,9.51641e+07,1.14004e+08,6.97232e+07,260.293,198.935,2.27813e+07,7.59391e+06,52,0.0404891
48,3.83073,-2.78604,0.65,0.518,0.562,0.576667,513.699,409.323,53.5,325.507,1225.7,1.15759e+07,279.688,3.85914e+06,-494.101,-5.37141e+06,-4.28423e+06,-3.21871e+06,199.512,466.141,418.698,199.512,361.45,28.3046,35.0683,217.536,93.6364,81.713,21.7716,54.8755,52.7867,1451.14,1.18955e+08,1.13853e+08,7.76031e+07,302.459,3.70965e+06,75.9362,1.23668e+06,27,0.0092845
49,3.83073,-2.96157,0.606,0.554,0.52,0.56,481.848,764.616,50.957,432.474,1065.6,5.29302e+07,4.75537e+07,3.3495e+07,-429.565,-9.06394e+06,-6.39976e+06,-5.15471e+06,71.8503,430.797,215.014,71.8503,239.221,32.6454,6.72966,169.331,69.5688,84.8329,28.9498,40.7613,51.5147,1415.67,9.37558e+07,1.25147e+08,7.29682e+07,245.343,1.58136e+07,7.4993e+06,7.77106e+06,37,0.0431107
50,3.83073,-3.14384,0.62,0.486,0.572,0.559333,611.129,2431.88,201.645,1081.55,1177.52,4.01334e+07,1.24942e+06,1.37947e+07,-438.707,-6.4087e+06,-4.42384e+06,-3.61099e+06,154.203,384.628,429.733,154.203,322.855,19.9224,7.90433,127.979,51.9351,85.4199,32.7561,43.9166,54.0309,1329.42,1.28812e+08,8.34433e+07,7.07523e+07,247.594,1.03524e+07,165278,3.50598e+06,36,0.0108421
51,1.91467,-3.31816,0.622,0.544,0.664,0.61,428.457,1673.68,151.179,751.105,991.355,4.89452e+07,5.74159e+07,3.5454e+07,-438.113,-8.26895e+06,-1.25882e+07,-6.95252e+06,58.2613,441.125,457.792,58.2613,319.059,37.3923,2.78217,61.3539,33.8428,85.6559,24.5236,18.3893,42.8563,1353.92,1.44007e+08,9.0613e+07,7.82072e+07,230.131,1.10219e+07,1.55446e+07,8.85559e+06,49,0.0305463
52,1.91467,-3.48794,0.614,0.492,0.472,0.526,494.727,2467.44,473.329,1145.16,1109.88,9.91808e+06,2.48028e+07,1.1574e+07,-418.322,-5.41174e+06,-4.66502e+06,-3.35906e+06,117.401,465.302,251.788,117.401,278.164,32.8191,4.96669,34.2301,24.0053,84.2973,45.3661,39.8259,56.4964,1398.9,1.24067e+08,7.44579e+07,6.61753e+07,262.831,1.53088e+06,3.72582e+06,1.75232e+06,48,0.0245266
53,1.91467,-3.6573,0.632,0.572,0.548,0.584,678.91,884.395,63.5352,542.28,1316.84,1221.54,241.315,926.563,-17222.1,-6.07202e+06,-4.34688e+06,-3.47871e+06,230.089,388.063,458.75,230.089,358.967,12.1098,7.33996,244.806,88.0854,83.5606,50.9348,61.7874,65.4276,1200.59,9.66188e+07,1.22143e+08,7.29212e+07,273.144,208.642,65.0811,182.289,38,0.00892717
54,1.91467,-3.84541,0.624,0.532,0.522,0.559333,590.199,2028.23,109.892,909.441,1231.7,2509.99,349.382,1363.69,-445.195,-3.3103e+06,-4.97979e+06,-2.76351e+06,217.163,458.246,452.919,217.163,376.109,19.3929,24.4974,217.195,87.0283,81.9845,59.7432,55.4634,65.7304,1243.24,7.80005e+07,9.78988e+07,5.86335e+07,273.188,689.363,80.7897,347.78,44,0.00902169
55,1.91467,-4.02551,0.6,0.556,0.578,0.578,629.57,718.334,57.2949,468.4,1302.47,252169,6.19289e+06,2.14879e+06,-427.43,-7.87574e+06,-8.10902e+06,-5.3284e+06,101.548,441.596,289.018,101.548,277.387,15.0819,18.7468,154.511,62.7801,83.7343,49.0214,41.5301,58.0952,1208.33,1.08009e+08,1.37878e+08,8.19628e+07,286.251,206.93,594138,198210,34,0.0161284
56,1.91467,-4.2077,0.62,0.566,0.51,0.565333,362.547,2773.72,50.7979,1062.36,937.801,3200.62,237.553,1458.66,-414.472,-5.02579e+06,-3.35474e+06,-2.79365e+06,207.681,469.764,440.888,207.681,372.777,56.7486,3.13017,237.554,99.1441,84.4997,48.6403,59.0441,64.0613,1253.72,8.78033e+07,7.92731e+07,5.56926e+07,231.475,571.106,59.754,287.445,51,0.00867124
57,1.91467,-4.38783,0.598,0.52,0.554,0.557333,485.027,2046.01,69.8398,866.96,882.316,2.20965e+06,324.559,736953,-7687.43,-7.16457e+06,-4.62007e+06,-3.93077e+06,182.733,463.912,410.18,182.733,352.275,38.1653,1.5144,203.342,81.0071,87.253,46.1667,57.5657,63.6618,1098.93,8.35078e+07,7.8975e+07,5.41613e+07,148.093,192717,94.3681,64319.7,75,0.0104501
58,1.91467,-4.56413,0.554,0.492,0.502,0.516,230.066,1473.25,96.6924,600.004,580.434,1871.94,1.61932e+06,540590,-8709.42,-3.94366e+06,-4.84682e+06,-2.93306e+06,147.682,468.844,462.733,147.682,359.753,131.534,22.7908,144.545,99.623,87.9372,56.6742,46.2952,63.6355,187845,7.32474e+07,7.18258e+07,4.84204e+07,134.513,474.381,177737,59448.5,74,0.0112649
59,1.91467,-4.74603,0.57,0.542,0.562,0.558,232.605,1579.87,42.0625,618.178,524.191,1915.38,414.779,951.449,-9654.76,-3.79273e+06,-5.04038e+06,-2.94759e+06,155.375,460.804,453.878,155.375,356.686,151.218,17.398,163.958,110.858,90.2772,60.619,47.1269,66.0077,952.076,6.72045e+07,6.90064e+07,4.5404e+07,115.459,474.547,133.594,241.2,95,0.0110894
60,0,-4.92735,0.556,0.552,0.514,0.540667,277.66,902.992,65.0781,415.243,503.758,1324.3,3.45692e+06,1.15292e+06,-6777.01,-3.37648e+06,-5.87687e+06,-3.08671e+06,107.034,464.129,400.56,107.034,323.908,173.239,23.5915,144.019,113.617,94.0905,57.3193,42.1491,64.5196,763.401,9.8067e+07,8.34525e+07,6.05068e+07,96.3519,326.019,408141,136188,111,0.0164126
61,0,-5.10385,0.538,0.528,0.532,0.532667,140.418,364.426,68.6221,191.155,374.164,689.799,330.49,464.818,-62488.2,-3.30433e+06,-5.49618e+06,-2.95433e+06,209.069,474.166,472.729,209.069,385.321,212.216,97.1727,210.38,173.256,93.3287,66.4347,59.4534,73.0723,604.428,5.09871e+07,9.16399e+07,4.75425e+07,92.1107,122.055,89.8575,101.341,131,0.00930276
62,0,-5.27824,0.524,0.586,0.516,0.542,160.715,67.2832,37.8057,88.6012,392.387,373.438,333.418,366.414,-15913.9,-4.31604e+06,-5.2389e+06,-3.19029e+06,208.688,473.597,471.817,208.688,384.701,217.529,185.025,207.823,203.459,93.8185,63.5067,62.9502,73.4252,501.777,4.66725e+07,6.62343e+07,3.76358e+07,90.7552,106.943,93.8563,97.1849,130,0.00906717
63,0,-5.46144,0.576,0.514,0.502,0.530667,195.777,794.982,20.2285,336.996,430.891,1115.73,302.555,616.392,-31885.6,-2.56572e+06,-3.10939e+06,-1.90233e+06,208.998,473.691,483.789,208.998,388.826,201.837,7.05037,219.164,142.684,95.3992,69.0765,61.3715,75.2824,391.837,4.81969e+07,5.72962e+07,3.51645e+07,95.169,178.263,92.1051,121.846,131,0.00801394
64,0,-5.6211,0.54,0.542,0.546,0.542667,176.957,64.752,52.8877,98.1989,386.711,338.162,340.664,355.179,-4334.87,-2.86005e+06,-5.37694e+06,-2.74711e+06,195.684,471.906,456.738,195.684,374.776,208.057,199.75,206.067,204.625,97.061,70.8349,60.5841,76.16,302.819,3.97173e+07,6.7899e+07,3.58722e+07,88.945,97.925,96.8708,94.5803,146,0.00998456
65,0,-5.77681,0.504,0.518,0.532,0.518,131.512,58.2852,50.2422,80.013,345.48,332.965,291.408,323.285,-5861.64,-3.02614e+06,-2.62049e+06,-1.88416e+06,211.605,471.954,472.361,211.605,385.306,241.509,199.965,230.035,223.836,97.0952,71.2058,66.761,78.354,262.909,4.37642e+07,6.49426e+07,3.62357e+07,81.177,102.437,79.8945,87.8361,145,0.00869886
66,0,-5.94915,0.526,0.548,0.538,0.537333,151.137,68.2305,61.2354,93.5342,347.641,346.107,295.969,329.906,-63561.6,-1.89506e+06,-3.4287e+06,-1.79577e+06,195.142,471.878,456.257,195.142,374.426,235.54,207.965,222.412,221.972,96.9644,75.3805,67.0791,79.808,246.529,3.75234e+07,6.1093e+07,3.28722e+07,80.3654,97.5589,81.7965,86.5736,159,0.00990101
67,4502.91,-6.12836,0.608,0.458,0.528,0.531333,906.145,1182.01,5.58991e+06,1.864e+06,1865.46,4.99976e+07,1.13868e+08,5.46224e+07,-67851.2,-6.74196e+06,-8.54722e+06,-5.11901e+06,2.61633,229.443,124.549,2.61633,118.87,7.06816,7.34165,2.12011,5.50997,73.3025,43.0809,8.55578,41.6464,58923.6,2.25478e+08,1.38399e+08,1.21312e+08,418.09,8.10137e+06,3.47324e+07,1.42781e+07,15,0.605304
68,4502.91,-6.31403,0.568,0.474,0.73,0.590667,1012.99,406.825,2.99245e+07,9.9753e+06,1987.16,1.88126e+08,1.89116e+08,1.25748e+08,-68481.4,-4.02959e+06,-9.39444e+06,-4.4975e+06,1,375.231,119.04,1,165.09,4.86821,35.8422,1,13.9035,71.7555,23.0541,1,31.9365,827.737,3.16544e+08,1.03379e+08,1.39975e+08,419.534,3.1677e+07,6.64736e+07,3.2717e+07,5,1
69,4502.91,-6.5001,0.61,0.648,0.77,0.676,1239.23,2.61411e+07,2.03582e+07,1.55002e+07,2107.72,5.07372e+07,5.21617e+08,1.90785e+08,-268822,-1.04733e+07,-1.45572e+07,-8.43309e+06,1,293.285,120.516,1,138.267,3.66496,1.11989,1,1.92828,69.5964,1,1,23.8655,2193.17,1.38747e+08,2.27388e+08,1.22046e+08,436.87,9.48091e+06,1.35124e+08,4.82019e+07,6,1
70,4502.91,-6.63467,0.572,0.514,0.642,0.576,1409.82,419.742,540.568,790.044,2458.1,2.57413e+08,4.36857e+08,2.31424e+08,-713225,-6.56266e+06,-8.75622e+06,-5.34404e+06,24.8701,171.922,120.153,24.8701,105.648,1.75634,32.6475,24.8701,19.758,65.279,10.0642,13.5569,29.6334,2.2281e+06,1.96094e+08,1.94941e+08,1.31088e+08,475.069,9.41274e+07,1.36784e+08,7.69706e+07,7,0.0882959
71,4502.91,-6.75949,0.616,0.51,0.682,0.602667,827.195,4.99094e+07,3.94997e+08,1.48303e+08,1773.75,2.80312e+08,4.17024e+08,2.32446e+08,-1.14629e+06,-4.84238e+06,-1.09877e+07,-5.6588e+06,1,378.836,138.168,1,172.668,6.85546,16.507,1,8.12082,69.9623,7.73914,1,26.2338,3.01283e+06,2.51674e+08,1.16621e+08,1.23769e+08,396.902,6.17832e+07,1.10386e+08,5.739e+07,8,1
72,4502.91,-6.90199,0.558,0.42,0.744,0.574,998.969,6.46929e+07,3.04293e+06,2.2579e+07,1868.51,5.58276e+08,4.19685e+08,3.25988e+08,-1.24517e+06,-3.74763e+06,-9.58994e+06,-4.86091e+06,3.95223,202.146,153.455,3.95223,119.851,3.89804,5.91789,3.95223,4.58939,68.1161,5.75391,1,24.9567,1.8441e+06,2.50079e+08,2.27578e+08,1.59834e+08,388.164,1.94612e+08,1.82743e+08,1.25785e+08,6,0.32885
73,4500.99,-7.07537,0.6,0.53,0.758,0.629333,1487.12,165.403,4.48533e+07,1.49516e+07,2468.81,3.74162e+08,1.74459e+08,1.82874e+08,-2.73878e+06,-4.9746e+06,-1.3656e+07,-7.12314e+06,1,203.511,119.001,1,107.837,1.80336,75.1729,1,25.9921,62.246,21.01,1,28.0853,3.367e+06,2.05716e+08,1.06454e+08,1.05179e+08,454.724,1.70679e+08,3.47303e+07,6.84699e+07,5,1
74,4500.99,-7.25952,0.536,0.474,0.64,0.55,849.805,8.5165e+06,331.041,2.83923e+06,1507.52,4.67081e+08,4.46056e+08,3.0438e+08,-5.12497e+06,-4.41915e+06,-4.53929e+06,-4.69447e+06,38.8704,343.772,169.669,38.8704,184.104,3.97424,1.72397,38.9213,14.8732,67.0304,1.39621,35.6774,34.7013,7.19943e+06,2.52638e+08,2.48929e+08,1.69589e+08,278.385,1.44044e+08,1.72815e+08,1.0562e+08,6,0.0788895
75,4500.99,-7.44306,0.562,0.48,0.502,0.514667,880.852,705.224,444.424,676.833,1622.65,3.94373e+08,2.33205e+08,2.09193e+08,-3.77939e+06,-3.3472e+06,-5.94906e+06,-4.35855e+06,31.091,297.618,123.452,31.091,150.72,5.08255,30.0698,31.1682,22.1068,70.2196,20.2186,21.504,37.3141,6.94879e+06,2.46722e+08,2.51946e+08,1.68539e+08,323.598,1.38081e+08,4.93716e+07,6.24841e+07,7,0.0773453
76,4500.99,-7.62599,0.556,0.552,0.712,0.606667,982.309,2.40523e+08,5.89523e+07,9.98255e+07,1841.38,4.1574e+08,2.03152e+08,2.06298e+08,-9.98453e+06,-6.86627e+06,-1.10059e+07,-9.28558e+06,1,291.896,119,1,137.299,6.48157,11.4399,1,6.30717,54.4422,3.77463,1.0009,19.7392,1.99246e+07,1.71216e+08,1.21436e+08,1.04192e+08,403.12,1.06407e+08,6.92236e+07,5.85438e+07,5,1
77,4500.99,-7.76882,0.548,0.518,0.748,0.604667,872.395,457.236,1.02974e+08,3.43252e+07,1715.18,3.64991e+08,2.99304e+08,2.21432e+08,-9.28341e+06,-4.33424e+06,-9.46429e+06,-7.69398e+06,1,227.755,209.318,1,146.025,6.15912,29.2772,1,12.1455,56.2501,15.9866,1,24.4122,2.03702e+07,2.45357e+08,1.42608e+08,1.36112e+08,352.96,1.35761e+08,6.73404e+07,6.77007e+07,6,1
78,4499.08,-7.95507,0.548,0.506,0.568,0.540667,815.043,7.567e+06,8.39198e+07,3.04959e+07,1624.31,4.88478e+08,1.54864e+08,2.14448e+08,-9.17795e+06,-4.76401e+06,-3.58853e+06,-5.84349e+06,1,292.304,120.164,1,137.822,8.42854,19.461,1,9.62984,62.11,9.28834,1,24.1328,1.08934e+07,2.74174e+08,8.6318e+07,1.23795e+08,349.472,1.48752e+08,2.53799e+07,5.80441e+07,10,1
79,4499.08,-8.13814,0.542,0.454,0.56,0.518667,984.75,491.347,997.212,824.436,1789.46,2.07577e+08,2.71887e+08,1.59822e+08,-1.3512e+07,-5.32886e+06,-8.95619e+06,-9.26568e+06,19.693,368.999,123.161,19.693,170.618,5.53498,28.4906,20.0879,18.0378,51.3677,15.5911,30.8699,32.6096,2.15808e+07,2.7468e+08,2.74986e+08,1.90416e+08,358.044,5.19554e+07,1.15262e+08,5.57394e+07,8,0.0963859
80,4499.08,-8.31966,0.558,0.442,0.682,0.560667,875.492,1.5434e+07,1.94083e+07,1.16144e+07,1656.73,6.1193e+08,3.00286e+08,3.04073e+08,-2.14097e+07,-4.03005e+06,-1.41881e+07,-1.32093e+07,1,283.17,210.043,1,164.738,3.25515,5.6523,1,3.30248,51.2176,1.19973,1,17.8058,2.06528e+07,2.32716e+08,2.07836e+08,1.53735e+08,317.425,2.32667e+08,6.19438e+07,9.82036e+07,6,1
81,4499.08,-8.50341,0.542,0.456,0.738,0.578667,1052.19,2.0728e+07,312.63,6.90977e+06,1961.05,4.53016e+08,4.73302e+08,3.08773e+08,-2.1395e+07,-4.99593e+06,-2.15226e+07,-1.59712e+07,55.1731,293.491,127.866,55.1731,158.843,5.97745,1.99661,55.1731,21.049,49.1988,1.38191,18.483,23.0212,3.39407e+07,2.3213e+08,3.48143e+08,2.04738e+08,427.672,1.89277e+08,1.93338e+08,1.27539e+08,6,0.0603698
82,4499.08,-8.67308,0.542,0.532,0.814,0.629333,1259.67,2.48718e+08,2.62327e+07,9.16506e+07,2369.46,4.17449e+08,4.36213e+08,2.84555e+08,-2.29914e+07,-8.32748e+06,-2.03916e+07,-1.72368e+07,1,290.629,236.692,1,176.107,3.14524,1.83965,1,1.99496,39.9895,1,1,13.9965,2.95642e+07,1.68542e+08,2.33561e+08,1.43889e+08,501.929,1.22951e+08,1.09824e+08,7.75917e+07,5,1
83,4497.16,-8.52857,0.534,0.506,0.682,0.574,1294.93,2.90864e+07,2.48646e+08,9.2578e+07,2439.41,5.70402e+08,3.00541e+08,2.90315e+08,-2.16142e+07,-5.59121e+06,-1.32632e+07,-1.34895e+07,1,163.766,118.952,1,94.5725,2.48811,7.34759,1,3.6119,44.762,4.34671,1,16.7029,2.50865e+07,2.37823e+08,1.27723e+08,1.30211e+08,512.512,2.24356e+08,5.97019e+07,9.46861e+07,7,1
84,4497.16,-8.71131,0.546,0.494,0.692,0.577333,779.895,270.719,3.24028e+07,1.08013e+07,1795.21,2.72447e+08,3.95386e+08,2.22612e+08,-2.24153e+07,-4.31406e+06,-1.31775e+07,-1.33023e+07,1,308.183,184.107,1,164.43,13.1243,53.6911,1,22.6051,43.0656,11.756,1,18.6072,2.20068e+07,2.69588e+08,2.54808e+08,1.82134e+08,416.407,1.05583e+08,1.6998e+08,9.18544e+07,5,1
85,4497.16,-8.89813,0.536,0.618,0.774,0.642667,875.539,1.19871e+06,2.49924e+07,8.73066e+06,1867.29,4.61923e+08,3.11743e+08,2.57889e+08,-2.2207e+07,-8.53251e+06,-1.59428e+07,-1.55608e+07,1,430.389,118,1,183.13,9.07559,14.1482,1,8.07461,41.2514,1.99299,1.12725,14.7905,3.15934e+07,2.77524e+08,2.35375e+08,1.81497e+08,413.803,1.39025e+08,9.6783e+07,7.86028e+07,5,1
86,4497.16,-9.05347,0.548,0.554,0.62,0.574,810.586,6.30365e+06,9.48884e+07,3.37309e+07,1651.46,4.93806e+08,3.47513e+08,2.8044e+08,-1.91473e+07,-1.00625e+07,-1.72954e+07,-1.55017e+07,1,243.748,119.401,1,121.383,6.58608,3.88759,1,3.82456,43.2255,7.44397,1,17.2232,2.82709e+07,2.52574e+08,2.04479e+08,1.61775e+08,327.318,1.94376e+08,1.17469e+08,1.03949e+08,10,1
87,4495.25,-9.23767,0.55,0.548,0.762,0.62,871.562,3.02743e+06,6.64342e+07,2.31542e+07,1804.61,2.6258e+08,2.0923e+08,1.57271e+08,-1.46834e+07,-8.24042e+06,-1.48522e+07,-1.2592e+07,1,329.602,291.592,1,207.398,4.5663,35.5282,1,13.6982,46.6538,10.1315,1,19.2618,2.19287e+07,2.23369e+08,1.12315e+08,1.19205e+08,381.032,9.39407e+07,4.82677e+07,4.74029e+07,8,1
88,4495.25,-9.41214,0.514,0.53,0.816,0.62,683.641,471.09,1.48991e+07,4.96676e+06,1663.1,3.09569e+08,1.93241e+08,1.67604e+08,-1.38034e+07,-8.25065e+06,-2.9923e+07,-1.73257e+07,3.99259,441.608,144.31,3.99259,196.637,19.1042,31.4276,3.9926,18.1748,47.4989,15.212,1,21.237,2.08586e+07,2.46785e+08,2.09725e+08,1.59123e+08,405.028,9.44438e+07,7.24134e+07,5.56192e+07,7,0.335558
89,4495.25,-9.56765,0.564,0.506,0.764,0.611333,814.496,5.32578e+06,3.29352e+07,1.27539e+07,1655.57,3.24924e+08,4.60082e+08,2.61669e+08,-1.06111e+07,-7.81598e+06,-2.55588e+07,-1.4662e+07,1,423.673,141.34,1,188.671,8.16292,6.58677,1,5.2499,54.6559,3.16406,1,19.6066,1.65647e+07,2.68755e+08,2.15805e+08,1.67042e+08,359.321,9.42873e+07,1.43007e+08,7.90983e+07,7,1
90,4495.25,-9.72338,0.552,0.506,0.786,0.614667,818.988,9.24417e+06,5.34975e+07,2.09142e+07,1912.57,2.98026e+08,5.9723e+08,2.98419e+08,-1.82606e+07,-1.03433e+07,-3.28996e+07,-2.05012e+07,1,216.047,283.762,1,166.936,9.13614,4.30641,1,4.81418,48.6569,5.16502,1,18.274,4.97506e+07,2.64233e+08,3.5198e+08,2.21988e+08,439.79,1.14055e+08,1.17718e+08,7.72575e+07,5,1
91,4493.33,-9.82197,0.532,0.55,0.728,0.603333,1524.42,288.988,1.50021e+08,5.00077e+07,2443.57,2.3318e+08,3.65912e+08,1.99698e+08,-2.12335e+07,-1.11484e+07,-3.00826e+07,-2.08215e+07,1,127.326,119.246,1,82.524,1.09513,58.753,1,20.2827,45.4254,26.8441,1,24.4232,3.90198e+07,2.78488e+08,2.03607e+08,1.73705e+08,391.062,1.00285e+08,1.17819e+08,7.27013e+07,6,1
92,4493.33,-9.95666,0.56,0.41,0.736,0.568667,941.398,5.2155e+07,2.77192e+07,2.6625e+07,2117.74,4.32959e+08,4.3831e+08,2.90424e+08,-2.36432e+07,-4.05418e+06,-1.01053e+07,-1.26009e+07,2.70206,344.482,226.305,2.70206,191.163,4.65783,15.3245,2.70206,7.56147,42.9707,6.88843,1,16.9531,3.76104e+07,2.55725e+08,1.71514e+08,1.5495e+08,467.675,1.2967e+08,1.56953e+08,9.55411e+07,9,0.465381
93,4493.33,-10.1417,0.586,0.504,0.702,0.597333,720.676,357.78,3.97678e+07,1.32563e+07,1417.09,2.50083e+08,8.31741e+07,1.11086e+08,-9.15146e+06,-6.73368e+06,-1.86954e+07,-1.15268e+07,2.86255,277.984,279.462,2.86255,186.769,12.5827,43.5066,2.86255,19.6506,62.1068,19.451,1.39958,27.6525,2.27893e+07,2.10886e+08,2.16198e+08,1.49958e+08,319.989,7.48253e+07,2.04331e+07,3.17529e+07,11,0.424501
94,4493.33,-10.2942,0.506,0.462,0.722,0.563333,1094.86,513.093,4.66459e+07,1.55492e+07,1901.21,3.87292e+08,1.47745e+08,1.78346e+08,-8.57895e+06,-5.05021e+06,-2.48138e+07,-1.28143e+07,1,163.362,305.787,1,156.716,2.01393,28.3869,1,10.4669,62.3094,11.2081,1,24.8392,1.23837e+07,2.21133e+08,1.36137e+08,1.23218e+08,352.979,1.44029e+08,4.11897e+07,6.17398e+07,11,1
95,4491.41,-10.4591,0.604,0.556,0.746,0.635333,852.512,262.771,1.9092e+08,6.36405e+07,1626.02,1.61582e+08,2.70697e+08,1.44094e+08,-2.07957e+07,-8.234e+06,-3.32723e+07,-2.07673e+07,1.99959,270.099,190.218,1.99959,154.105,5.91902,69.5633,1.99959,25.8273,50.3372,26.1213,1.19819,25.8856,3.2452e+07,2.17352e+08,1.53681e+08,1.34495e+08,339.387,5.8128e+07,6.19422e+07,4.00235e+07,9,0.507128
96,4491.41,-10.5875,0.544,0.502,0.704,0.583333,688.816,384.991,3.20809e+07,1.0694e+07,1466.16,2.71402e+08,3.75094e+08,2.15499e+08,-1.58818e+07,-7.65496e+06,-2.56659e+07,-1.64009e+07,1,400.343,123.954,1,175.099,11.6999,36.9869,1,16.5623,48.5368,11.4763,1,20.3377,2.9534e+07,2.14677e+08,2.5313e+08,1.6578e+08,319.719,1.00996e+08,9.56669e+07,6.55543e+07,7,1
97,4491.41,-10.7564,0.56,0.512,0.66,0.577333,1319.16,9.37384e+07,1.51844e+08,8.18611e+07,2197.76,2.97974e+08,2.71675e+08,1.89884e+08,-2.46902e+07,-1.14887e+07,-2.53005e+07,-2.04931e+07,1,138.241,121.7,1,86.9803,1.22835,3.52537,1,1.9179,44.8092,2.35922,1,16.0561,3.89859e+07,2.04349e+08,2.11301e+08,1.51545e+08,378.489,8.07525e+07,5.85161e+07,4.6423e+07,6,1
98,4491.41,-10.928,0.512,0.55,0.81,0.624,1194.25,7.27699e+06,2.73812e+07,1.15531e+07,2292.11,2.11884e+08,6.39091e+08,2.83659e+08,-3.17314e+07,-6.54841e+06,-2.19121e+07,-2.0064e+07,1,207.622,119,1,109.207,3.08511,9.34084,1,4.47532,36.5262,3.38982,1,13.6387,5.91288e+07,2.45788e+08,2.57981e+08,1.87632e+08,461.077,6.92541e+07,2.3775e+08,1.02335e+08,5,1
99,4489.49,-11.1135,0.518,0.688,0.782,0.662667,1113.24,4.73111e+06,1.1578e+07,5.43676e+06,2201.97,2.06935e+08,8.47285e+07,9.7222e+07,-2.38173e+07,-1.12326e+07,-2.09421e+07,-1.8664e+07,1,235.303,119.006,1,118.436,2.73838,1.00029,1,1.57955,40.4284,1.39441,1,14.2743,7.51764e+07,3.16545e+08,2.08241e+08,1.99987e+08,435.696,3.8193e+07,2.87637e+07,2.23191e+07,5,1
100,4489.49,-11.2967,0.54,0.626,0.77,0.645333,1265.52,1.25411e+08,1.2848e+07,4.60867e+07,2342.02,3.07148e+08,2.99647e+08,2.02266e+08,-2.64643e+07,-1.59483e+07,-2.22824e+07,-2.1565e+07,1,250.46,121.837,1,124.433,2.35844,1.03408,1,1.46417,40.4171,1,1,14.139,9.20062e+07,2.07669e+08,2.36178e+08,1.78618e+08,461.955,6.79976e+07,1.30555e+08,6.61843e+07,5,1
101,4489.49,-11.4664,0.574,0.564,0.748,0.628667,995.523,307.497,5.07502e+07,1.69172e+07,1968.6,4.961e+08,3.116e+08,2.69234e+08,-2.17214e+07,-6.97605e+06,-2.35931e+07,-1.74302e+07,1,241.717,156.003,1,132.907,3.6698,47.6621,1,17.444,46.2676,15.7216,1,20.9964,4.97633e+07,3.47915e+08,1.84672e+08,1.94117e+08,413.493,2.12329e+08,1.13257e+08,1.08529e+08,5,1
102,4487.57,-11.6515,0.524,0.548,0.762,0.611333,786.172,383.386,4.49576e+07,1.49863e+07,1985.29,3.30426e+08,2.93489e+08,2.07972e+08,-2.76163e+07,-1.24355e+07,-3.25101e+07,-2.41873e+07,1,387.608,171.94,1,186.849,11.287,38.7705,1,17.0192,34.792,13.4414,1,16.4111,8.13005e+07,2.63074e+08,1.80359e+08,1.74911e+08,446.112,1.19967e+08,1.08752e+08,7.62399e+07,5,1
103,4487.57,-11.784,0.554,0.544,0.784,0.627333,836.357,2.75128e+07,2.00644e+08,7.60525e+07,2.73847e+06,2.43367e+08,3.43812e+08,1.96639e+08,-4.79585e+07,-1.00858e+07,-3.7917e+07,-3.19871e+07,1,340.042,122.551,1,154.531,6.78771,1.54827,1,3.11199,25.1114,7.39906,1,11.1702,6.27448e+07,2.30925e+08,2.10265e+08,1.67978e+08,520360,7.26319e+07,7.82336e+07,5.0462e+07,9,1
104,4487.57,-11.9565,0.496,0.54,0.726,0.587333,960.342,1685.69,1.12786e+08,3.75963e+07,2226.69,5.40456e+08,2.34267e+08,2.58242e+08,-2.71501e+07,-8.56845e+06,-1.53957e+07,-1.70381e+07,1,345.917,125.473,1,157.463,4.34912,5.60654,1,3.65189,33.8307,7.54152,1,14.1241,3.78346e+07,2.29164e+08,7.30659e+07,1.13355e+08,460.562,2.2896e+08,5.99054e+07,9.62887e+07,6,1
105,4485.66,-12.1136,0.5,0.542,0.766,0.602667,827.201,1.96184e+07,1.42725e+08,5.41149e+07,2209.33,2.24686e+08,5.04959e+08,2.43216e+08,-3.54234e+07,-1.16968e+07,-3.90624e+07,-2.87276e+07,1,279.984,127.634,1,136.206,7.68477,2.8726,1,3.85246,33.1624,2.87216,1,12.3449,6.40482e+07,2.33134e+08,2.32668e+08,1.76617e+08,507.85,7.34105e+07,1.77547e+08,8.36528e+07,7,1
106,4485.66,-12.2655,0.54,0.538,0.74,0.606,1308.4,1.13639e+08,2.44379e+08,1.1934e+08,2705.02,4.28823e+08,2.83569e+08,2.37465e+08,-4.39276e+07,-1.20983e+07,-2.19392e+07,-2.59884e+07,1,234.131,119,1,118.044,2.69576,8.27639,1,3.99071,31.2831,2.18627,1,11.4898,4.4172e+07,2.33814e+08,2.20059e+08,1.66015e+08,560.358,8.53796e+07,7.41095e+07,5.31632e+07,5,1
107,4485.66,-12.4145,0.542,0.384,0.792,0.572667,1440.2,5.00668e+07,9.93616e+07,4.98099e+07,2860.97,5.94261e+08,2.77333e+08,2.90532e+08,-5.84516e+07,-4.32774e+06,-3.68937e+07,-3.32243e+07,1,150.685,128.653,1,93.4461,1.50962,1.13201,1,1.21388,26.9356,1,1,9.64519,5.70645e+07,2.52886e+08,3.91663e+08,2.33871e+08,564.72,2.31025e+08,6.68034e+07,9.92764e+07,5,1
108,4483.74,-12.4982,0.548,0.564,0.798,0.636667,1057.14,432.359,5.99183e+08,1.99728e+08,2507.04,2.09459e+08,8.3997e+08,3.49811e+08,-4.917e+07,-1.2839e+07,-4.49564e+07,-3.56551e+07,1,255.394,119.001,1,125.132,4.2757,30.2263,1,11.834,29.3845,15.6642,1,15.3496,5.30711e+07,2.35972e+08,2.4904e+08,1.79361e+08,556.91,8.07934e+07,2.22032e+08,1.00942e+08,5,1
109,4483.74,-12.6347,0.528,0.494,0.704,0.575333,1243.04,7.99866e+07,1.07893e+08,6.26269e+07,489604,5.66149e+08,4.72539e+08,3.46393e+08,-7.23765e+07,-6.93471e+06,-3.09447e+07,-3.6752e+07,1,248.648,169.445,1,139.698,3.13251,7.27404,1,3.80219,22.2791,5.53841,1,9.60584,7.34455e+07,2.19616e+08,4.97693e+08,2.63585e+08,28957.3,2.30752e+08,1.57641e+08,1.29474e+08,5,1
110,4483.74,-12.4438,0.57,0.63,0.756,0.652,1074.49,2.54344e+06,8.81987e+07,3.02477e+07,1.71984e+06,4.9738e+08,1.21875e+09,5.72617e+08,-7.73725e+07,-1.33572e+07,-3.455e+07,-4.17599e+07,1,286.077,119,1,135.359,6.24608,9.45522,1,5.5671,21.4911,6.49671,1,9.6626,8.44825e+07,2.4017e+08,6.02398e+08,3.09017e+08,187842,2.09682e+08,5.12021e+08,2.4063e+08,6,1
111,4481.82,-12.6072,0.548,0.526,0.778,0.617333,1492.68,1.83134e+08,1.17097e+07,6.49485e+07,1.49312e+06,4.84119e+08,6.8787e+07,1.848e+08,-6.32947e+07,-1.10476e+07,-2.63312e+07,-3.35579e+07,1,131.639,119,1,83.8797,2.40861,1,1,1.46954,22.2703,1,1,8.09011,7.34544e+07,1.84324e+08,5.61345e+08,2.73041e+08,211120,1.0231e+08,2.54615e+07,4.26608e+07,5,1
112,4481.82,-12.7532,0.496,0.438,0.744,0.559333,1650.49,632.71,3.07156e+07,1.02393e+07,6.3214e+06,5.41289e+08,5.30224e+08,3.59278e+08,-7.53515e+07,-5.2279e+06,-3.65767e+07,-3.9052e+07,1,126.213,148.408,1,91.8736,1.08963,17.994,1,6.69456,21.9735,11.8559,1,11.6098,9.11721e+07,2.04008e+08,2.96883e+08,1.97354e+08,946361,2.28422e+08,2.09887e+08,1.46418e+08,8,1
113,4481.82,-12.8893,0.562,0.546,0.798,0.635333,1166.86,8.37798e+07,9.47034e+06,3.10838e+07,3.26283e+06,4.24196e+08,6.86183e+08,3.71214e+08,-6.39412e+07,-1.20124e+07,-2.44196e+07,-3.34577e+07,1,348.069,118,1,155.69,3.68761,1,1,1.89587,22.7183,1,1,8.23945,8.19114e+07,1.57436e+08,6.73419e+08,3.04256e+08,426718,1.39396e+08,1.43179e+08,9.43338e+07,5,1
114,4479.9,-13.0464,0.552,0.578,0.712,0.614,1177.04,2.36586e+08,1.39375e+07,8.35084e+07,1.46613e+06,3.07203e+08,2.48687e+08,1.85785e+08,-6.13159e+07,-1.78656e+07,-2.2249e+07,-3.38102e+07,1,289.948,119,1,136.649,3.00083,3.42217,1,2.47433,23.4962,1.58878,1,8.69499,8.20192e+07,1.7603e+08,7.28596e+08,3.28882e+08,169824,6.3107e+07,4.97705e+07,3.76824e+07,5,1
115,4479.9,-13.2248,0.52,0.458,0.706,0.561333,962.477,2.10429e+08,3.3773e+08,1.8272e+08,2529.44,5.03891e+08,1.74712e+09,7.50338e+08,-4.02837e+07,-9.08019e+06,-4.05693e+07,-2.99777e+07,1,215.177,119,1,111.726,5.45309,1.55739,1,2.67016,31.9598,1.33479,1,11.4315,4.92018e+07,1.67011e+08,9.0131e+08,3.72507e+08,567.079,1.18462e+08,6.52129e+08,2.56864e+08,5,1
116,4479.9,-13.3982,0.532,0.414,0.722,0.556,866.42,1534.54,1.21619e+08,4.05406e+07,1861.32,4.42189e+08,1.30666e+09,5.82951e+08,-3.05491e+07,-4.38446e+06,-3.70214e+07,-2.3985e+07,1,216.544,190.121,1,135.888,5.70722,16.6092,1,7.77213,40.7701,12.858,1,18.2093,5.03493e+07,2.80224e+08,5.39592e+08,2.90055e+08,391.571,1.65087e+08,5.45051e+08,2.36713e+08,8,1
117,4477.98,-13.5266,0.542,0.584,0.79,0.638667,730.006,247348,3.28244e+07,1.10242e+07,1513.89,3.29884e+08,1.20224e+09,5.10709e+08,-2.60725e+07,-1.08593e+07,-3.55096e+07,-2.41472e+07,1,436.086,120.336,1,185.807,12.0432,2.07489,1,5.03935,44.375,6.79187,1,17.3889,3.57011e+07,2.4719e+08,5.67826e+08,2.83572e+08,329.689,1.2289e+08,5.08976e+08,2.10622e+08,7,1
118,4477.98,-13.692,0.57,0.504,0.772,0.615333,924.605,6.67495e+07,3.57458e+08,1.41403e+08,1785.85,4.57064e+08,1.37583e+09,6.10966e+08,-2.26795e+07,-7.51054e+06,-3.17938e+07,-2.06613e+07,1,207.753,193.605,1,134.119,2.55718,2.95992,4.15987,3.22565,45.9661,1.98437,1,16.3168,8.53721e+07,2.27249e+08,6.09108e+08,3.07243e+08,346.697,1.23906e+08,3.97758e+08,1.73888e+08,6,1
119,4477.98,-13.4616,0.564,0.524,0.814,0.634,727.748,6.48113e+07,1.40497e+08,6.84362e+07,1645.21,3.45449e+08,4.411e+08,2.62183e+08,-3.04788e+07,-1.03358e+07,-2.44254e+07,-2.17467e+07,1,424.531,150.465,1,191.999,15.5818,11.662,1,9.41457,46.3898,7.59108,1,18.3269,5.57183e+07,2.04085e+08,6.3627e+08,2.98691e+08,376.432,1.16041e+08,1.22231e+08,7.9424e+07,6,1
120,4476.06,-13.597,0.528,0.476,0.648,0.550667,775.822,1797.97,2.47487e+08,8.24967e+07,1764.68,3.08999e+08,1.09496e+09,4.67986e+08,-2.78668e+07,-1.36269e+07,-2.55812e+07,-2.23583e+07,1,386.539,118.51,1,168.683,11.8591,1.39201,1,4.75037,41.3037,12.5459,1,18.2832,3.74755e+07,2.46298e+08,6.01876e+08,2.95217e+08,421.32,9.70922e+07,2.29224e+08,1.08772e+08,8,1
121,4476.06,-13.7622,0.508,0.59,0.758,0.618667,755.125,3.00167e+07,1.1069e+07,1.36955e+07,1737.86,3.27541e+08,1.2461e+09,5.24547e+08,-3.01716e+07,-1.44522e+07,-3.01771e+07,-2.49337e+07,1,330.377,131.136,1,154.171,15.5857,10.9081,1,9.16461,40.6683,2.59238,1,14.7536,4.63892e+07,2.33448e+08,7.51927e+08,3.43921e+08,418.099,9.56432e+07,2.57239e+08,1.17628e+08,5,1
122,4476.06,-13.9259,0.53,0.644,0.814,0.662667,958.652,4.22056e+07,1.58972e+07,1.93679e+07,1851.27,2.51428e+08,5.60042e+08,2.7049e+08,-2.36962e+07,-1.86469e+07,-2.40617e+07,-2.21349e+07,1,165.795,119,1,95.2651,4.84117,1,1,2.28039,49.1407,1,1.00007,17.0469,3.48003e+07,2.23946e+08,5.87911e+08,2.82219e+08,392.263,8.49031e+07,1.17513e+08,6.74723e+07,5,1
123,4474.14,-14.0716,0.552,0.608,0.772,0.644,907,9.39309e+07,2.11035e+08,1.01656e+08,1819.69,2.89947e+08,3.82088e+08,2.24012e+08,-3.69028e+07,-1.42968e+07,-2.36072e+07,-2.49356e+07,1,208.356,118,1,109.119,3.12063,1,1,1.70688,38.913,1,1,13.6377,1.05659e+08,2.12944e+08,7.57316e+08,3.5864e+08,367.052,7.19813e+07,9.59738e+07,5.59852e+07,5,1
124,4474.14,-14.0696,0.524,0.744,0.82,0.696,975.746,5.14264e+07,6.276e+08,2.26343e+08,1889.09,3.59417e+08,8.64668e+08,4.08029e+08,-3.60952e+07,-2.49528e+07,-2.60657e+07,-2.90379e+07,1,226.574,118,1,115.191,5.14105,1,1,2.38035,40.4296,1.00069,1,14.1434,5.73518e+07,2.57785e+08,9.52326e+08,4.22487e+08,389.456,8.94856e+07,2.36794e+08,1.0876e+08,5,1
125,4474.14,-13.8841,0.548,0.554,0.778,0.626667,1750.11,590.558,3.01872e+07,1.00632e+07,2997.54,5.33172e+08,3.1253e+08,2.81902e+08,-3.88217e+07,-6.09098e+06,-1.67226e+07,-2.05451e+07,1,42.09,119.06,1,54.05,1.64992,14.4201,1,5.69002,34.2653,25.1699,1,20.1451,5.00741e+07,2.73658e+08,2.0893e+08,1.77554e+08,571.191,1.92168e+08,7.83776e+07,9.01821e+07,5,1
126,4472.23,-13.7005,0.532,0.538,0.684,0.584667,1452.12,1.17924e+08,260.478,3.93084e+07,2925.9,4.66043e+08,3.38134e+08,2.6806e+08,-2.43574e+07,-1.02545e+07,-1.68861e+07,-1.7166e+07,48.7713,194.66,119,48.7713,120.81,2.89811,2.81824,48.7713,18.1626,33.9864,8.05714,12.7739,18.2725,2.92519e+07,1.88664e+08,4.07321e+08,2.08412e+08,629.99,1.6792e+08,1.42343e+08,1.03421e+08,6,0.0544567
127,4472.23,-13.6267,0.522,0.432,0.684,0.546,737.691,2.20672e+08,1.62776e+07,7.89835e+07,2018.83,4.94492e+08,2.72842e+08,2.55779e+08,-2.02739e+07,-4.67932e+06,-1.29095e+07,-1.26209e+07,1,399.693,193.265,1,197.986,17.2826,18.5975,1,12.2934,37.3198,5.36818,1,14.5626,2.86191e+07,1.85162e+08,1.32516e+08,1.15432e+08,509.463,1.61477e+08,1.16286e+08,9.25876e+07,6,1
128,4472.23,-13.8096,0.532,0.466,0.802,0.6,1153.75,2.64518e+08,2.18354e+07,9.54515e+07,2363.62,4.44349e+08,3.03775e+08,2.49376e+08,-2.3561e+07,-6.41046e+06,-2.078e+07,-1.69171e+07,1,258.38,119.05,1,126.143,5.23764,1.12895,1,2.45553,39.2137,1.19021,1,13.8013,3.57933e+07,1.56528e+08,2.3276e+08,1.41694e+08,485.494,1.25959e+08,6.34424e+07,6.3134e+07,6,1
129,4470.31,-13.6261,0.522,0.558,0.79,0.623333,783.885,1.07817e+08,5.88501e+07,5.55561e+07,1905.53,4.77861e+08,1.41647e+08,2.06503e+08,-2.04243e+07,-9.90287e+06,-2.46785e+07,-1.83352e+07,1,347.113,119,1,155.704,7.57991,1,1,3.1933,42.269,1,1,14.7563,2.99821e+07,2.16865e+08,3.75925e+08,2.07591e+08,440.115,1.56167e+08,3.56911e+07,6.39529e+07,5,1
130,4470.31,-13.8079,0.478,0.614,0.764,0.618667,963.666,2.28561e+08,1.21141e+07,8.02252e+07,2293.72,4.71154e+08,4.14954e+08,2.9537e+08,-2.72825e+07,-1.40002e+07,-1.85623e+07,-1.99483e+07,1,297.979,119.949,1,139.643,7.35455,2.52534,1,3.62663,33.7423,1.92392,1,12.2221,3.97345e+07,1.99389e+08,2.39239e+08,1.59454e+08,483.375,1.25017e+08,1.81289e+08,1.02102e+08,6,1
131,4468.39,-13.9887,0.544,0.526,0.75,0.606667,1389.63,1.67555e+08,1.35238e+08,1.00932e+08,2545.34,4.86053e+08,1.77466e+08,2.21174e+08,-2.51181e+07,-8.1005e+06,-2.63319e+07,-1.98502e+07,1,196.538,119,1,105.513,2.26112,1,1,1.42037,33.4044,1,1,11.8015,3.662e+07,1.519e+08,3.14646e+08,1.67722e+08,504.426,1.47358e+08,3.42732e+07,6.05441e+07,5,1
132,4468.39,-14.1729,0.484,0.634,0.77,0.629333,953.018,1.02581e+08,1.66745e+07,3.97521e+07,2585.27,5.04494e+08,1.99765e+08,2.34754e+08,-3.65275e+07,-1.315e+07,-2.30405e+07,-2.42393e+07,1,285.855,129.887,1,138.914,8.02034,1.02147,1,3.34727,30.1864,1,1,10.7288,5.02175e+07,2.25586e+08,1.49688e+08,1.41831e+08,607.02,1.35687e+08,4.00271e+07,5.85715e+07,5,1
133,4468.39,-14.3558,0.51,0.59,0.744,0.614667,1171.22,1.09232e+08,2.85388e+07,4.59241e+07,2854.47,2.57567e+08,1.48075e+08,1.35215e+08,-4.08256e+07,-1.48891e+07,-1.96897e+07,-2.51348e+07,1,225.679,119,1,115.226,4.13369,1,1,2.04456,28.6518,1,1,10.2173,5.39272e+07,2.33151e+08,1.50901e+08,1.45993e+08,654.368,7.11918e+07,4.14865e+07,3.75597e+07,5,1
134,4466.47,-14.54,0.5,0.558,0.648,0.568667,1469.75,1.50026e+08,2.75402e+07,5.91893e+07,3449.02,4.63847e+08,2.36007e+08,2.33286e+08,-3.87283e+07,-1.54392e+07,-2.0187e+07,-2.47848e+07,1,281.935,119,1,133.978,2.57556,1,1,1.52519,26.5166,1,1,9.50554,5.76558e+07,1.76333e+08,1.56916e+08,1.30301e+08,722.02,7.23856e+07,4.42304e+07,3.88722e+07,5,1
135,4466.47,-14.6972,0.526,0.602,0.71,0.612667,1012.41,1.6319e+08,2.28699e+07,6.20202e+07,3697.98,5.47953e+08,2.25806e+08,2.57921e+08,-4.92451e+07,-8.69461e+06,-1.56356e+07,-2.45251e+07,1,268.031,161.083,1,143.372,3.62312,11.1242,1,5.24912,24.3725,3.38934,1,9.58727,5.32988e+07,1.92722e+08,1.3181e+08,1.25944e+08,773.775,1.82518e+08,8.75705e+07,9.00297e+07,5,1
136,4466.47,-14.8798,0.486,0.412,0.694,0.530667,1317.71,8.68586e+06,4.07708e+07,1.6486e+07,268528,4.56709e+08,3.04839e+08,2.53939e+08,-4.96684e+07,-6.29236e+06,-1.283e+07,-2.29303e+07,1,238.315,234.915,1,158.077,4.18125,9.6167,1,4.93265,24.4438,3.38033,1,9.60804,6.44062e+07,2.42194e+08,1.9535e+08,1.67317e+08,19434.1,1.43001e+08,1.1314e+08,8.53866e+07,5,1
137,4464.56,-15.0655,0.506,0.694,0.73,0.643333,1513.44,660612,1.00357e+08,3.36731e+07,790327,1.51276e+08,2.37493e+08,1.29853e+08,-5.1158e+07,-1.4489e+07,-3.87541e+07,-3.48004e+07,1,199.701,134.676,1,111.792,1.78868,9.0588,1,3.94916,23.6054,1,1,8.53514,7.04382e+07,1.71206e+08,8.22664e+07,1.0797e+08,73906.6,5.76113e+07,5.54986e+07,3.77279e+07,5,1
138,4464.56,-15.2507,0.53,0.568,0.76,0.619333,1320.61,2.04147e+07,4.54285e+07,2.19482e+07,369238,2.71035e+08,2.83656e+08,1.8502e+08,-5.08382e+07,-9.41788e+06,-2.18302e+07,-2.73621e+07,1,339.818,236.983,1,192.6,3.40606,1.11767,1,1.84124,22.1946,1.2,1,8.13153,6.48477e+07,2.18538e+08,2.94361e+08,1.92582e+08,26658,4.71107e+07,1.02579e+08,4.99054e+07,5,1
139,4462.64,-15.4201,0.55,0.582,0.758,0.63,1366.31,8.80443e+07,3.28958e+07,4.03138e+07,3045.72,5.15371e+08,2.8565e+08,2.67008e+08,-4.14267e+07,-9.83211e+06,-3.84149e+07,-2.98912e+07,1,186.289,202.625,1,129.971,1.62944,3.38452,1,2.00465,26.2905,1.59322,1,9.62792,5.49828e+07,2.32074e+08,1.30058e+08,1.39038e+08,625.993,1.47155e+08,8.83262e+07,7.84941e+07,5,1
140,4462.64,-15.3662,0.504,0.584,0.822,0.636667,1130.33,1.15709e+08,7.34635e+07,6.30578e+07,2999.74,3.60558e+08,1.5575e+08,1.72104e+08,-4.93561e+07,-1.08081e+07,-1.57865e+07,-2.53169e+07,1,333.754,119,1,151.251,5.53572,1,1,2.51191,25.1588,1,1,9.05294,5.34343e+07,1.7249e+08,1.83307e+08,1.3641e+08,667.357,1.19547e+08,4.81667e+07,5.59047e+07,5,1
141,4462.64,-15.5239,0.476,0.644,0.728,0.616,1295.92,363.58,9.61513e+07,3.2051e+07,2789.83,1.88328e+08,1.57013e+08,1.15115e+08,-3.78495e+07,-1.34718e+07,-1.84668e+07,-2.32627e+07,1,298.244,118,1,139.081,5.82629,48.6107,1,18.479,31.0219,19.9783,1,17.3334,5.09536e+07,1.53499e+08,1.62621e+08,1.22358e+08,588.621,5.58696e+07,2.96482e+07,2.85061e+07,5,1
142,4460.73,-15.703,0.522,0.56,0.758,0.613333,1023.04,9.30498e+07,4.60256e+07,4.63588e+07,2297.28,4.41657e+08,2.98708e+08,2.46789e+08,-3.17541e+07,-1.62832e+07,-3.85909e+07,-2.88761e+07,1,339.673,162.484,1,167.719,6.18222,10.324,1,5.8354,34.1001,4.93125,1,13.3438,4.8401e+07,2.04838e+08,2.24889e+08,1.59376e+08,492.139,1.37821e+08,5.47837e+07,6.42016e+07,6,1
143,4460.73,-15.8643,0.52,0.57,0.624,0.571333,753.262,9.59602e+06,261.813,3.19901e+06,2308.34,4.36175e+08,3.66662e+08,2.67613e+08,-3.97893e+07,-9.8728e+06,-2.1274e+07,-2.36454e+07,44.4619,358.305,240.084,44.4619,214.283,11.3933,3.06147,44.4619,19.6389,30.656,4.26719,4.98899,13.3041,5.87674e+07,2.21575e+08,2.5139e+08,1.77244e+08,536.37,1.49854e+08,4.69221e+07,6.55923e+07,9,0.0437355
144,4458.81,-16.0138,0.53,0.492,0.804,0.608667,1226,3.59178e+07,915350,1.22781e+07,5944.62,5.60942e+08,8.0586e+07,2.13845e+08,-4.07019e+07,-7.41024e+06,-9.98328e+06,-1.93651e+07,4.75048,290.435,161.73,4.75048,152.305,3.50855,3.52552,4.75048,3.92818,22.0297,1.5971,1.41495,8.34723,6.80742e+07,2.56457e+08,1.18153e+08,1.47561e+08,968.837,2.04044e+08,3.70175e+07,8.03543e+07,5,0.396517
145,4458.81,-16.0769,0.51,0.57,0.768,0.616,795.572,5.37634e+07,1.52466e+06,1.84296e+07,3.90508e+06,4.33443e+08,2.31623e+08,2.2299e+08,-4.87799e+07,-9.91588e+06,-2.9431e+07,-2.93756e+07,1,300.464,119.205,1,140.223,10.2229,2.68798,1,4.63695,24.5137,1.59467,1,9.03614,9.14717e+07,1.95353e+08,1.05072e+08,1.30632e+08,737063,1.6193e+08,6.27574e+07,7.51413e+07,5,1
146,4456.9,-16.2495,0.522,0.528,0.726,0.592,1129.67,1.76524e+08,9.00828e+06,6.18444e+07,1.09066e+07,4.76136e+08,2.9425e+08,2.60431e+08,-5.85252e+07,-7.30349e+06,-3.55587e+07,-3.37958e+07,17.3511,199.315,164.765,17.3511,127.144,3.85421,3.17752,17.3511,8.1276,19.2016,1.79288,8.1832,9.72588,1.01489e+08,1.61422e+08,3.26221e+08,1.96377e+08,2.12095e+06,1.37526e+08,1.07744e+08,8.24639e+07,5,0.108967
147,4456.9,-16.4272,0.516,0.446,0.612,0.524667,1268.55,257.01,6.9218e+06,2.30778e+06,4.73553e+06,5.02138e+08,4.6955e+07,1.84609e+08,-6.58453e+07,-6.76419e+06,-9.32988e+06,-2.73131e+07,1,191.053,122.209,1,104.754,2.93202,63.8758,1,22.6026,20.2707,19.8297,1,13.7001,8.16297e+07,2.18464e+08,1.39614e+08,1.46569e+08,981385,2.07236e+08,1.81781e+07,7.54651e+07,5,1
148,4456.9,-16.606,0.564,0.458,0.736,0.586,817.121,1339.7,2.13015e+07,7.10123e+06,2844.47,4.86004e+08,2.45676e+08,2.43894e+08,-4.94137e+07,-9.06765e+06,-4.08628e+07,-3.31147e+07,2.40569,359.199,315.072,2.40569,225.559,11.853,13.3257,2.40569,9.19477,26.1413,11.2768,1.13423,12.8508,5.71701e+07,2.03946e+08,1.96294e+08,1.5247e+08,695.831,1.62954e+08,7.25032e+07,7.84859e+07,9,0.572593
149,4454.99,-16.7675,0.546,0.542,0.78,0.622667,1225.75,8.74329e+06,814.938,2.91511e+06,368794,3.68654e+08,2.71253e+08,2.13425e+08,-5.27619e+07,-2.16852e+07,-1.30464e+07,-2.91645e+07,26.4298,250.53,131.616,26.4298,136.192,3.97678,1.2141,26.4298,10.5402,20.3908,1.19906,14.7371,12.109,6.24058e+07,2.2588e+08,1.53288e+08,1.47191e+08,18056.9,9.32299e+07,5.52865e+07,4.95115e+07,5,0.0760821
150,4454.99,-16.8266,0.534,0.56,0.67,0.588,1562.58,416.296,361.219,780.033,1.52591e+06,4.2865e+07,2723.95,1.47979e+07,-6.00461e+07,-1.37506e+07,-2.69134e+07,-3.357e+07,2.06037,144.807,137.843,2.06037,94.9036,1.68828,34.9624,56.2925,30.9811,20.5616,24.4894,47.0969,30.716,8.23448e+07,2.32103e+08,2.94888e+08,2.03112e+08,228393,7.6455e+06,798.465,2.6249e+06,6,0.610431
151,4453.07,-16.9105,0.506,0.558,0.652,0.572,916.264,380.684,11047.8,4114.91,2.23891e+07,2.51324e+08,8.86159e+07,1.20776e+08,-7.39379e+07,-1.61635e+07,-3.3079e+07,-4.10601e+07,3.08426,408.014,354.885,3.08426,255.328,14.8459,38.3777,2.59452,18.6061,16.5378,24.6423,5.10669,15.4289,1.05873e+08,2.19129e+08,2.48233e+08,1.91078e+08,5.36778e+06,1.04948e+08,2.50482e+07,4.51214e+07,8,0.540874
152,4453.07,-16.9082,0.53,0.57,0.64,0.58,894.318,1033.2,3.93952e+07,1.31324e+07,8.35271e+06,1.09381e+08,2.24219e+08,1.13984e+08,-6.63361e+07,-1.37012e+07,-1.81899e+07,-3.27424e+07,3.85301,433.097,144.498,3.85301,193.816,7.56863,10.2988,1.86871,6.5787,21.2368,10.236,3.08927,11.5207,9.15012e+07,2.27291e+08,2.04445e+08,1.74412e+08,1.50437e+06,3.53394e+07,7.14248e+07,3.60895e+07,8,0.293699
153,4451.15,-17.0842,0.506,0.52,0.538,0.521333,635.121,942.05,1.88824e+07,6.29465e+06,3136.46,1.85546e+08,2.50393e+08,1.45314e+08,-5.55802e+07,-7.26946e+06,-2.35865e+07,-2.88121e+07,1.01768,462.016,165.584,1.01768,209.539,17.0217,2.25163,1.01829,6.76389,27.0861,19.3613,3.86528,16.7709,7.08686e+07,2.34624e+08,1.7521e+08,1.60234e+08,590.708,4.98186e+07,8.27334e+07,4.41842e+07,14,0.991246
154,4451.15,-17.2599,0.492,0.546,0.538,0.525333,825.652,551.552,3283.38,1553.53,2154.24,1.63914e+08,3.51243e+06,5.58094e+07,-4.64159e+07,-1.35469e+07,-9.27804e+06,-2.30803e+07,1.33078,338.71,245.984,1.33078,195.342,8.69449,25.1321,1.33079,11.7191,29.3624,17.0981,27.2719,24.5775,1.20826e+08,2.09403e+08,8.85568e+07,1.39595e+08,487.576,4.71607e+07,711457,1.59576e+07,12,0.861907
155,4451.15,-17.4353,0.532,0.49,0.6,0.540667,846.373,99403.5,1171.28,33807.1,2942.89,4.9572e+08,2.69412e+07,1.74221e+08,-5.68115e+07,-6.15571e+06,-1.241e+07,-2.51258e+07,1.40315,380.669,198.359,1.40315,193.477,7.0647,4.73746,1.40271,4.40163,24.9001,6.63798,33.0633,21.5338,9.62861e+07,2.61217e+08,3.52011e+08,2.36505e+08,637.133,1.3283e+08,6.79526e+06,4.6542e+07,13,0.843467
156,4449.23,-17.6113,0.502,0.58,0.64,0.574,958.932,1093.22,6.36347e+07,2.12122e+07,2712.04,1.0311e+08,4.52615e+08,1.85243e+08,-4.15807e+07,-1.36765e+07,-2.79484e+07,-2.77352e+07,1.09303,299.879,125.952,1.09303,142.308,6.18199,16.9656,1.09303,8.0802,30.4372,22.3602,3.75242,18.8499,7.31224e+07,2.40711e+08,6.66288e+08,3.26707e+08,565.451,3.42201e+07,1.66715e+08,6.69784e+07,9,0.956282
157,4449.23,-17.7463,0.5,0.542,0.592,0.544667,829.575,524.858,4.09808e+06,1.36648e+06,2593.8,1.00856e+08,3.64397e+08,1.55085e+08,-5.61903e+07,-8.32564e+06,-2.52388e+07,-2.99182e+07,1.0126,327.225,139.157,1.0126,155.798,5.60658,28.4149,1.0126,11.678,28.0547,16.2978,1.89194,15.4148,6.95892e+07,2.50057e+08,2.12967e+08,1.77538e+08,534.866,2.95477e+07,1.044e+08,4.46493e+07,12,0.993756
158,4447.32,-17.915,0.52,0.474,0.574,0.522667,954.089,467.936,1.41007e+07,4.70071e+06,4.76886e+06,6.75304e+07,1.13931e+08,6.20767e+07,-6.09229e+07,-5.8992e+06,-1.86158e+07,-2.84793e+07,1.83725,263.598,178.143,1.83725,147.859,5.13087,38.1607,1.83725,15.0429,21.5467,30.1463,4.46125,18.7181,8.23547e+07,2.57378e+08,2.53573e+08,1.97768e+08,872386,2.0844e+07,3.04385e+07,1.7385e+07,8,0.686404
159,4447.32,-18.0111,0.508,0.482,0.498,0.496,879.203,570.122,2.9529e+08,9.84304e+07,6.17411e+06,4.78859e+08,9.7724e+08,4.87424e+08,-5.90095e+07,-3.80562e+06,-2.27803e+07,-2.85318e+07,1,288.444,292.958,1,194.134,9.10135,19.3792,1,9.82686,22.7974,24.1611,1,15.9862,1.32743e+08,2.97904e+08,3.59188e+08,2.63279e+08,1.36008e+06,6.9712e+07,2.98333e+08,1.23135e+08,10,1
160,4445.41,-18.1519,0.516,0.554,0.602,0.557333,1123.53,170.29,625134,208809,9.73317e+06,6.1283e+07,6.0194e+08,2.24319e+08,-6.29818e+07,-7.33495e+06,-2.98853e+07,-3.34007e+07,3.07129,271.305,169.813,3.07129,148.063,2.60157,74.8242,3.07129,26.8323,19.4289,24.0155,8.52876,17.3244,1.29493e+08,2.55159e+08,4.54749e+08,2.798e+08,2.20386e+06,2.3708e+07,2.0825e+08,7.80539e+07,11,0.512691
161,4445.41,-18.3263,0.548,0.54,0.708,0.598667,1524.02,234.661,3.96033e+06,1.3207e+06,1.8041e+07,8.47951e+07,7.23882e+08,2.75573e+08,-8.12943e+07,-1.10637e+07,-3.81068e+07,-4.34883e+07,4.28379,169.56,119.881,4.28379,97.9084,1.59955,74.2772,4.28379,26.7202,17.5071,25.5672,5.20917,16.0945,1.41749e+08,2.44939e+08,5.33287e+08,3.06658e+08,3.78439e+06,2.59753e+07,1.71823e+08,6.71943e+07,9,0.368817
162,4443.5,-18.4691,0.562,0.534,0.666,0.587333,859.292,336.74,8.82331e+06,2.9415e+06,1.75418e+06,3.01262e+07,3.54104e+08,1.28661e+08,-5.53587e+07,-4.8806e+06,-2.47279e+07,-2.83224e+07,1.72206,466.239,210.386,1.72206,226.116,10.7197,59.8467,1.72206,24.0962,21.1323,22.1067,3.29864,15.5126,1.56265e+08,2.63603e+08,2.99421e+08,2.39763e+08,263104,1.01228e+07,1.23265e+08,4.45504e+07,8,0.752449
163,4443.5,-18.6471,0.586,0.536,0.604,0.575333,1271.59,296.769,5.26266e+08,1.75422e+08,1.93327e+07,1.62708e+07,7.89067e+08,2.7489e+08,-8.40977e+07,-5.27707e+06,-3.98379e+07,-4.30709e+07,1,128.729,126.635,1,85.4544,2.46129,83.5769,1,29.0127,19.7179,33.6753,1,18.1311,1.66705e+08,2.83671e+08,3.74761e+08,2.75046e+08,3.68654e+06,2.355e+06,1.10671e+08,3.89043e+07,9,1
164,4441.59,-18.8152,0.5,0.57,0.54,0.536667,1023.84,13536.9,385.451,4982.06,2330.93,1.66331e+08,8.8921e+08,3.51848e+08,-4.21245e+07,-1.49969e+07,-3.39403e+07,-3.03539e+07,42.3133,357.445,120.963,42.3133,173.574,4.57345,6.47833,42.3133,17.7884,30.5677,4.59734,24.3485,19.8378,1.33034e+08,3.07521e+08,6.27793e+08,3.56116e+08,507.782,2.21743e+07,2.20394e+08,8.08562e+07,7,0.0784151
165,4441.59,-18.9596,0.55,0.502,0.686,0.579333,1101.84,1250.07,1.15154e+09,3.83849e+08,2354.56,48175.5,1.32029e+09,4.40113e+08,-4.10002e+07,-6.58243e+06,-3.97751e+07,-2.91193e+07,1,314.067,121.557,1,145.541,3.92828,4.80977,1,3.24602,35.1183,18.8007,1,18.3063,6.15017e+07,2.38581e+08,4.26203e+08,2.42096e+08,513.536,4300.42,2.55392e+08,8.51322e+07,10,1
166,4439.67,-19.1299,0.5,0.536,0.682,0.572667,1004.02,1861.23,594.572,1153.27,1909.97,5.75472e+07,5.83737e+08,2.13762e+08,-2.14779e+07,-8.64318e+06,-3.50985e+07,-2.17399e+07,17.321,314.671,125.63,17.321,152.541,6.38045,7.30878,17.321,10.3367,44.7065,9.76202,23.5078,25.9921,3.59267e+07,2.05077e+08,3.76942e+08,2.05982e+08,409.442,2.30759e+07,2.4031e+08,8.77954e+07,9,0.192015
167,4439.67,-19.2839,0.542,0.52,0.652,0.571333,965.229,1398.68,3.35884e+07,1.11969e+07,1891.92,4.24045e+07,1.11827e+09,3.86894e+08,-1.99779e+07,-8.01642e+06,-2.66966e+07,-1.82303e+07,1,226.178,135.879,1,121.019,2.93528,2.4103,1,2.11519,50.838,11.1963,1,21.0114,3.33225e+07,1.84614e+08,5.50702e+08,2.56213e+08,380.297,1.39599e+07,5.05707e+08,1.73222e+08,8,1
168,4437.75,-19.4617,0.558,0.536,0.728,0.607333,701.375,2.74035e+07,2.2591e+07,1.66651e+07,1517.02,1.06695e+08,1.48356e+09,5.30085e+08,-2.31953e+07,-1.46936e+07,-2.95262e+07,-2.24717e+07,1,433.054,176.571,1,203.542,12.3345,6.84726,1,6.72727,55.6011,1.99894,1,19.5333,7.6763e+07,2.93736e+08,6.43129e+08,3.37876e+08,327.88,2.54354e+07,4.44339e+08,1.56591e+08,6,1
169,4437.75,-19.6127,0.548,0.508,0.73,0.595333,1056.51,1148.61,6.20655e+07,2.06892e+07,1952.03,1.61753e+08,1.07398e+09,4.11913e+08,-1.81398e+07,-1.31706e+07,-2.06279e+07,-1.73128e+07,1,351.182,119.256,1,157.146,5.46675,12.4898,1,6.31887,54.8879,11.6511,1,22.513,2.71478e+07,2.14528e+08,5.43614e+08,2.61763e+08,414.96,5.83922e+07,4.65592e+08,1.74661e+08,8,1
170,4435.84,-19.771,0.538,0.508,0.82,0.622,1001.45,1.13664e+08,2.41472e+07,4.59376e+07,1991.48,2.7534e+08,1.47378e+09,5.8304e+08,-2.91644e+07,-1.69282e+07,-2.89964e+07,-2.50297e+07,1,302.109,118,1,140.37,4.63016,1,1,2.21005,45.8816,1,1,15.9605,8.63817e+07,2.56397e+08,6.64372e+08,3.35717e+08,439.66,6.98474e+07,7.00245e+08,2.56698e+08,5,1
171,4435.84,-19.9484,0.592,0.658,0.794,0.681333,694.691,6.78711e+07,5.18177e+07,3.98965e+07,1898.65,2.51741e+08,2.89101e+08,1.80281e+08,-5.22033e+07,-2.18408e+07,-1.79216e+07,-3.06552e+07,1,378.721,118.099,1,165.94,14.7902,6.66109,1,7.48376,40.9188,1,1,14.3063,8.83288e+07,1.70224e+08,8.49146e+08,3.69233e+08,481.887,7.88467e+07,5.53731e+07,4.47401e+07,5,1
172,4433.93,-20.0884,0.56,0.592,0.758,0.636667,1320.58,1.26946e+08,6.80569e+08,2.69172e+08,2537.2,4.9854e+08,1.75039e+09,7.49644e+08,-4.62548e+07,-1.46151e+07,-3.1106e+07,-3.06586e+07,1,199.193,118,1,106.064,1.9635,6.23722,1,3.06691,37.9496,2.36758,1,13.7724,4.39332e+07,1.52709e+08,7.90661e+08,3.29101e+08,538.009,1.61556e+08,5.85827e+08,2.49128e+08,5,1
173,4433.93,-20.0476,0.526,0.676,0.796,0.666,1390.38,4.12142e+08,3.39858e+08,2.50667e+08,3719.12,6.02106e+08,3.75765e+08,3.25958e+08,-4.54759e+07,-1.68665e+07,-3.55037e+07,-3.26154e+07,1,169.355,25,1,65.1182,1.67912,12.1014,1,4.92684,23.6098,1.19927,1,8.60303,5.51504e+07,2.82253e+08,4.09672e+08,2.49025e+08,792.685,1.78237e+08,7.09286e+07,8.30556e+07,5,1
174,4432.02,-20.2251,0.532,0.54,0.728,0.6,1707.14,1.22398e+08,3.66677e+08,1.63026e+08,4.06974e+06,5.89194e+08,4.18438e+08,3.37234e+08,-5.59919e+07,-1.07765e+07,-1.82197e+07,-2.83294e+07,1,236.212,119,1,118.737,2.4911,1,1,1.49703,19.0424,1,1,7.01412,6.84128e+07,2.95544e+08,4.77705e+08,2.80554e+08,655168,1.7399e+08,1.14286e+08,9.63107e+07,5,1
175,4432.02,-20.3906,0.512,0.62,0.762,0.631333,1546.91,7.49303e+07,3.95699e+07,3.81672e+07,5.22845e+06,4.60031e+08,2.1024e+08,2.25167e+08,-6.1343e+07,-1.33133e+07,-1.89582e+07,-3.12049e+07,1,318.851,208.231,1,176.027,3.08585,2.15488,1,2.08024,20.8665,1.2,1,7.68885,7.71406e+07,2.47004e+08,4.50428e+08,2.58191e+08,1.09822e+06,1.6151e+08,7.48145e+07,7.91408e+07,5,1
176,4430.11,-20.5642,0.526,0.572,0.806,0.634667,1379.36,2.4761e+08,3.52134e+07,9.42749e+07,4.82394e+06,3.22561e+08,1.78728e+08,1.68704e+08,-7.0181e+07,-1.39872e+07,-1.57643e+07,-3.33109e+07,1,172.07,119,1,97.3568,2.2953,1,1,1.43177,18.4926,1,1,6.83086,8.41811e+07,2.43817e+08,1.95037e+08,1.74345e+08,906411,7.00843e+07,6.41723e+07,4.50543e+07,5,1
177,4430.11,-20.4331,0.532,0.486,0.836,0.618,1383.47,4.19412e+08,6.89904e+06,1.42104e+08,2.47261e+07,6.13751e+08,2.60638e+08,2.99705e+08,-7.53544e+07,-1.06486e+07,-3.48449e+07,-4.02826e+07,1,318.476,133.99,1,151.155,5.40753,1.06484,1,2.49079,12.5514,1.36828,1,4.97324,9.4614e+07,2.52887e+08,4.98776e+08,2.82092e+08,6.36086e+06,1.46135e+08,7.02714e+07,7.42558e+07,6,1
178,4428.19,-20.2646,0.53,0.528,0.744,0.600667,1049.02,1.30591e+07,3.12811e+08,1.08624e+08,3.0452e+07,3.8313e+08,3.90659e+08,2.6808e+08,-7.24229e+07,-9.98799e+06,-1.9741e+07,-3.40506e+07,1,373.697,119.02,1,164.572,8.97805,12.533,1,7.50369,15.9723,10.1086,1,9.02696,9.10433e+07,2.5324e+08,4.07306e+08,2.5053e+08,7.69959e+06,1.31884e+08,9.97623e+07,7.97821e+07,5,1
179,4426.28,-20.3016,0.454,0.552,0.806,0.604,1368.25,4.79373e+07,3.87421e+07,2.88936e+07,1.94556e+07,2.06331e+08,2.97088e+08,1.74291e+08,-7.34807e+07,-9.80111e+06,-2.49928e+07,-3.60915e+07,1,195.73,118,1,104.91,2.10039,1.97346,1,1.69128,15.1278,1.19995,1,5.77591,1.04591e+08,2.54341e+08,1.14101e+08,1.57677e+08,5.26026e+06,6.33052e+07,1.00735e+08,5.64335e+07,5,1
180,4426.28,-20.4729,0.52,0.546,0.68,0.582,1647.02,187.563,968976,323604,3.05961e+07,4.95469e+08,4.59141e+08,3.28402e+08,-8.34586e+07,-1.15225e+07,-1.83992e+07,-3.77934e+07,1,142.056,119,1,87.352,2.35567,75.1663,1,26.174,16.4014,19.8719,1,12.4244,1.09138e+08,3.05947e+08,4.15211e+08,2.76765e+08,7.74104e+06,1.74044e+08,9.97002e+07,9.38283e+07,5,1
181,4424.36,-20.6437,0.538,0.548,0.764,0.616667,1557.59,1.48064e+08,4.24299e+07,6.34983e+07,4.03567e+07,2.86477e+08,3.86737e+08,2.37857e+08,-9.87376e+07,-1.44675e+07,-3.97667e+07,-5.09906e+07,1,187.431,119,1,102.477,1.92148,1,1,1.30716,12.8461,1,1,4.94868,1.1872e+08,2.29454e+08,6.39521e+08,3.29232e+08,1.05014e+07,6.59924e+07,1.5484e+08,7.71113e+07,5,1
182,4424.36,-20.701,0.514,0.632,0.86,0.668667,1599.96,855463,1.7046e+07,5.9677e+06,5.57819e+07,5.27569e+07,6.40236e+08,2.49592e+08,-9.29241e+07,-1.85307e+07,-4.26881e+07,-5.1381e+07,1,135.621,119.405,1,85.342,1.27571,1.38193,1,1.21922,13.8911,2.78383,1,5.89164,1.61127e+08,1.5751e+08,6.72396e+08,3.30344e+08,1.59465e+07,1.7563e+07,1.82164e+08,7.18911e+07,6,1
183,4422.44,-20.8612,0.546,0.612,0.782,0.646667,1130.93,749413,1.59345e+07,5.56167e+06,3.12346e+07,1.64239e+08,8.33247e+08,3.42907e+08,-9.65369e+07,-1.58371e+07,-3.90591e+07,-5.04777e+07,1,351.408,119.028,1,157.145,4.73336,5.25388,1,3.66241,15.0986,2.36579,1,6.15478,1.49758e+08,2.31292e+08,6.75254e+08,3.52101e+08,7.49066e+06,4.43813e+07,3.40128e+08,1.30667e+08,6,1
184,4422.44,-21.0369,0.566,0.496,0.794,0.618667,1237.36,1.12665e+08,35101,3.7567e+07,1.95628e+07,2.84869e+08,1.56454e+08,1.53629e+08,-8.97514e+07,-1.54834e+07,-1.5608e+07,-4.02809e+07,1,328.538,124.203,1,151.247,4.71033,1.01175,1,2.24069,15.8171,5.41723,1.24337,7.49258,1.14876e+08,2.27263e+08,1.85238e+08,1.75792e+08,4.38681e+06,8.60255e+07,3.76145e+07,4.26756e+07,5,1
185,4420.53,-21.2178,0.534,0.626,0.742,0.634,1610.89,1.46161e+06,5.16935e+06,2.21086e+06,5.11855e+06,1.12027e+08,3.39599e+08,1.52248e+08,-5.57305e+07,-2.09306e+07,-1.99195e+07,-3.21935e+07,12.689,155.38,128.692,12.689,98.9201,1.3223,15.1673,12.689,9.72621,21.0312,2.15309,3.19626,8.7935,1.2272e+08,2.19606e+08,2.41198e+08,1.94508e+08,915220,4.2692e+07,1.36652e+08,6.00863e+07,7,0.0962388
186,4420.53,-21.2998,0.528,0.554,0.646,0.576,819.223,577.043,5011.16,2135.81,1.11486e+07,4.01888e+08,1.88083e+07,1.43948e+08,-6.85729e+07,-2.05037e+07,-1.71385e+07,-3.5405e+07,3.08546,328.913,143.492,3.08546,158.497,12.417,26.356,3.18778,13.9869,19.6326,11.4809,8.84452,13.3193,8.77541e+07,2.33314e+08,4.75066e+08,2.65378e+08,2.1811e+06,1.37574e+08,6.73071e+06,4.88286e+07,11,0.434753
187,4418.62,-21.4563,0.498,0.496,0.786,0.593333,742.869,1.45403e+07,2477.37,4.84785e+06,1.17015e+07,5.35357e+08,2.11242e+08,2.52767e+08,-6.98219e+07,-1.34798e+07,-3.39166e+07,-3.90728e+07,17.4183,408.505,119.355,17.4183,181.759,12.8381,3.72404,17.4183,11.3268,18.4081,4.86684,6.14528,9.80675,1.03084e+08,2.03315e+08,3.79801e+08,2.28734e+08,2.58267e+06,2.12656e+08,3.04854e+07,8.1908e+07,7,0.101761
188,4418.62,-21.5508,0.5,0.582,0.756,0.612667,965.846,5.50769e+06,3.0276e+07,1.19282e+07,1.06649e+07,1.0845e+08,5.14202e+08,2.11106e+08,-6.65037e+07,-1.90809e+07,-4.46427e+07,-4.34091e+07,1,334.301,120.21,1,151.837,6.74647,1.14221,1,2.96289,21.4333,5.03344,1,9.15559,8.68672e+07,1.96082e+08,3.73448e+08,2.18799e+08,1.97511e+06,3.33502e+07,1.18838e+08,5.13877e+07,7,1
189,4416.7,-21.7373,0.464,0.516,0.742,0.574,1043.52,2994.16,1.28299e+08,4.27678e+07,6.55544e+06,2.20871e+08,4.63946e+08,2.30458e+08,-5.9308e+07,-1.05195e+07,-5.45291e+07,-4.14522e+07,1,221.374,151.098,1,124.49,3.68281,3.2691,1,2.65064,23.6944,7.72316,1,10.8059,8.3615e+07,2.60255e+08,3.93462e+08,2.45778e+08,1.23357e+06,7.64977e+07,9.04819e+07,5.60711e+07,7,1
190,4414.79,-21.9221,0.474,0.53,0.696,0.566667,962.885,1007.62,1.20614e+06,402703,2.67084e+06,4.50192e+08,5.05287e+08,3.19383e+08,-5.15219e+07,-1.03863e+07,-3.55207e+07,-3.24763e+07,17.0122,366.914,146.379,17.0122,176.768,9.04102,3.8592,17.0122,9.97081,23.1691,7.36735,1.9981,10.8448,7.7007e+07,2.63593e+08,4.09232e+08,2.49944e+08,439937,1.58231e+08,1.16264e+08,9.16449e+07,7,0.169507
191,4414.79,-22.1061,0.5,0.426,0.692,0.539333,1076.57,240.055,712.617,676.414,938923,2.05583e+08,6.02986e+08,2.69836e+08,-5.04119e+07,-6.70623e+06,-3.9928e+07,-3.23487e+07,30.7443,333.755,119,30.7443,161.167,6.99508,79.2799,30.7443,39.0064,24.3451,22.997,20.465,22.6023,8.81927e+07,3.0035e+08,4.1924e+08,2.69261e+08,107856,4.72226e+07,2.63299e+08,1.03543e+08,5,0.051568
192,4412.88,-22.2868,0.496,0.58,0.63,0.568667,645.548,658.076,1.54458e+07,5.14902e+06,1948.82,9.6529e+06,5.71557e+08,1.93737e+08,-3.00821e+07,-9.75812e+06,-2.86704e+07,-2.28369e+07,1,473.45,281.674,1,252.041,17.5768,13.7405,1,10.7725,33.9038,16.5372,1,17.147,4.48396e+07,2.10811e+08,6.40267e+08,2.98639e+08,454.428,2.75045e+06,1.20919e+08,4.12232e+07,12,1
193,4412.88,-22.4299,0.536,0.526,0.728,0.596667,974.92,161193,5.15687e+07,1.72436e+07,2441.45,6.11945e+07,1.43061e+08,6.8086e+07,-4.57757e+07,-1.41874e+07,-4.19044e+07,-3.39558e+07,1,198.056,124.737,1,107.931,3.46294,3.66334,1,2.70876,28.5719,6.59514,1,12.0557,1.15775e+08,2.891e+08,4.86771e+08,2.97215e+08,481.733,2.15682e+07,3.77999e+07,1.97895e+07,7,1
194,4410.96,-22.5756,0.502,0.566,0.702,0.59,805.099,712.607,2.12565e+08,7.08556e+07,4.19112e+06,8.84602e+07,1.22286e+09,4.38504e+08,-6.57402e+07,-1.70932e+07,-2.98626e+07,-3.75653e+07,1,275.83,121.375,1,132.735,12.2878,22.9521,1,12.08,23.1311,13.4035,1,12.5116,9.87696e+07,3.21047e+08,5.1132e+08,3.10379e+08,600250,2.61322e+07,4.04554e+08,1.43762e+08,8,1
195,4410.96,-22.7561,0.522,0.54,0.758,0.606667,755.794,1781.79,9.8743e+06,3.29228e+06,1.83992e+07,7.01475e+07,1.4152e+09,5.01248e+08,-7.86472e+07,-1.11958e+07,-2.29061e+07,-3.7583e+07,1,322.677,323.051,1,215.576,13.0692,10.4369,1,8.16869,20.3645,28.2434,1,16.536,1.31186e+08,2.19413e+08,8.24353e+08,3.91651e+08,4.16995e+06,1.83174e+07,6.16141e+08,2.12876e+08,6,1
196,4409.05,-22.9188,0.51,0.622,0.632,0.588,1035.44,1109.92,2.99923e+08,9.99749e+07,4.142e+06,1.05795e+08,1.69586e+09,6.01931e+08,-7.21985e+07,-1.07834e+07,-2.3196e+07,-3.53926e+07,1,314.194,213.004,1,176.066,5.34432,11.406,1,5.91678,20.7036,27.3609,1,16.3548,1.2157e+08,1.07898e+08,8.72529e+08,3.67333e+08,599808,3.65047e+07,5.99638e+08,2.12248e+08,7,1
197,4407.14,-22.8863,0.5,0.61,0.71,0.606667,770.633,5.71293e+06,1.3296e+07,6.33657e+06,2278.97,1.12309e+08,3.10858e+08,1.41056e+08,-5.06909e+07,-1.38026e+07,-3.48256e+07,-3.31064e+07,1,447.359,153.699,1,200.686,10.7451,2.78107,1,4.84204,32.8047,2.37675,1,12.0605,9.01509e+07,1.70705e+08,4.9974e+08,2.53532e+08,535.137,3.3209e+07,1.09704e+08,4.7638e+07,6,1
198,4407.14,-23.0682,0.54,0.53,0.692,0.587333,786.426,2.57451e+07,1.21696e+07,1.26385e+07,1828.18,2.46614e+08,2.03808e+09,7.61565e+08,-3.79782e+07,-1.55702e+07,-2.12484e+07,-2.49323e+07,1,430.444,220.942,1,217.462,9.41789,2.07418,1,4.16402,38.9329,1.18889,1,13.7073,5.59041e+07,2.2937e+08,9.10944e+08,3.98739e+08,427.864,8.47582e+07,6.8331e+08,2.56023e+08,6,1
199,4405.22,-23.077,0.546,0.628,0.72,0.631333,695.247,6.67208e+07,8.86381e+06,2.51951e+07,1708.49,2.16377e+08,3.65512e+08,1.93964e+08,-3.7338e+07,-1.65034e+07,-3.21939e+07,-2.86784e+07,1,358.287,119,1,159.429,12.7915,1.47079,1,5.08741,41.1073,1.09937,1,14.4022,5.87364e+07,1.41944e+08,8.60313e+08,3.53664e+08,398.238,6.43751e+07,1.11944e+08,5.87732e+07,5,1
200,4405.22,-23.0793,0.532,0.506,0.62,0.552667,745.162,3.12238e+07,6.02217e+06,1.24156e+07,1810.12,1.99759e+08,5.46417e+07,8.48008e+07,-4.25334e+07,-2.002e+07,-1.39561e+07,-2.55032e+07,1,312.367,228.772,1,180.713,9.44041,2.18023,1,4.20688,34.4706,1.76593,1.00175,12.4128,6.32284e+07,1.15532e+08,6.4674e+08,2.75167e+08,413.488,6.32617e+07,1.17433e+07,2.50018e+07,7,1
201,4403.31,-23.0722,0.53,0.606,0.674,0.603333,813.54,3.57941e+07,2846.96,1.19326e+07,2272.22,2.45865e+08,6.05686e+07,1.02145e+08,-5.24058e+07,-1.58233e+07,-2.09709e+07,-2.97333e+07,5.07986,372.58,119,5.07986,165.553,14.9944,21.7874,5.07986,13.9539,31.3323,6.69005,8.14427,15.3889,8.31811e+07,1.63893e+08,9.9028e+08,4.12451e+08,574.93,8.93205e+07,2.07176e+07,3.66796e+07,5,0.287803
202,4401.4,-23.2313,0.488,0.624,0.698,0.603333,564.691,1.68141e+08,61263.7,5.60677e+07,1816.29,3.64474e+08,1.41111e+08,1.68529e+08,-5.25703e+07,-1.73354e+07,-2.37794e+07,-3.12283e+07,4.25033,383.265,122.513,4.25033,170.01,21.7104,8.60604,4.25033,11.5222,34.8621,2.38562,7.27153,14.8398,7.98594e+07,1.3676e+08,2.5897e+08,1.5853e+08,455.378,1.12472e+08,3.44638e+07,4.89789e+07,5,0.432527
203,4401.4,-23.4066,0.53,0.62,0.79,0.646667,715.974,1.60493e+08,3.26261e+06,5.45854e+07,1786.85,5.7486e+08,1.24653e+08,2.33172e+08,-5.09351e+07,-1.67659e+07,-5.75697e+07,-4.17569e+07,1,344.732,119,1,154.911,13.6049,1,1,5.20163,35.1602,1,1,12.3867,1.25652e+08,2.45312e+08,2.19899e+08,1.96954e+08,393.262,2.03965e+08,2.86226e+07,7.75294e+07,5,1
204,4399.49,-23.5518,0.52,0.594,0.796,0.636667,666.841,3.33774e+08,1.07825e+08,1.472e+08,2807.46,8.59437e+08,1.90644e+08,3.50028e+08,-7.41112e+07,-2.25232e+07,-7.30933e+07,-5.65759e+07,1,454.71,118,1,191.237,19.2363,2.16069,1,7.46566,28.7423,1.19877,1,10.3137,9.75398e+07,2.98218e+08,3.27888e+08,2.41215e+08,570.09,2.62619e+08,4.00616e+07,1.00894e+08,5,1
205,4397.58,-23.6652,0.544,0.654,0.738,0.645333,635.148,2.26579e+08,3.85556e+07,8.83783e+07,1917.85,9.04383e+08,1.11323e+08,3.3857e+08,-6.98947e+07,-3.08831e+07,-7.20084e+07,-5.75954e+07,1,349.776,119,1,156.592,14.0913,1,1,5.36378,29.8123,1,1,10.6041,1.00425e+08,3.49927e+08,3.08525e+08,2.52959e+08,400.87,2.86481e+08,2.75163e+07,1.04666e+08,5,1
206,4397.58,-23.7992,0.524,0.582,0.686,0.597333,913.07,2.05707e+08,4.05265e+06,6.99203e+07,2024.89,8.96615e+08,1.15788e+08,3.37468e+08,-6.68193e+07,-2.12638e+07,-2.25243e+07,-3.68691e+07,1,45.6735,118,1,54.8912,2.51471,1,1,1.5049,30.2903,1,1,10.7634,1.02753e+08,4.34475e+08,3.66544e+08,3.01257e+08,344.275,2.70429e+08,2.50375e+07,9.8489e+07,5,1
207,4395.67,-23.6782,0.518,0.568,0.74,0.608667,522.53,1.41424e+08,1.12286e+07,5.08844e+07,1495.61,8.34027e+08,2.66716e+07,2.869e+08,-5.74482e+07,-2.04189e+07,-3.06916e+07,-3.61862e+07,1,428.086,119,1,182.695,26.6325,5.24773,1,10.9601,32.858,1.39692,1.00016,11.7517,8.08905e+07,5.05066e+08,1.52681e+08,2.46213e+08,338.304,2.16843e+08,7.36051e+06,7.47346e+07,6,1
208,4395.67,-23.8573,0.5,0.588,0.718,0.602,506.613,9.06636e+07,1950.71,3.0222e+07,1144.76,6.92879e+08,1.61652e+08,2.84844e+08,-3.97073e+07,-2.87432e+07,-2.30897e+07,-3.05134e+07,1.00082,464.111,120.095,1.00082,195.069,28.418,3.0305,1.00082,10.8165,47.8037,1.52449,6.63752,18.6552,8.2528e+07,4.87828e+08,1.16501e+08,2.28952e+08,241.143,2.06822e+08,6.9363e+07,9.20617e+07,6,0.999593
209,4393.75,-23.6756,0.522,0.568,0.71,0.6,471.403,6.31201e+07,1.01164e+07,2.44123e+07,933.32,8.34467e+08,1.62978e+08,3.32482e+08,-2.07352e+07,-3.27952e+07,-1.69648e+07,-2.34984e+07,5.32865,438.602,119.037,5.32865,187.656,43.4586,1.13321,5.32865,16.6401,57.4862,1.97913,1.19997,20.2218,8.49773e+07,5.09205e+08,3.83669e+08,3.2595e+08,189.229,2.52678e+08,5.10482e+07,1.01242e+08,6,0.268181
210,4391.83,-23.8164,0.588,0.512,0.56,0.553333,299.996,5093.94,1172.95,2188.96,830.767,3.18426e+08,1.77991e+06,1.06735e+08,-3.1869e+07,-1.30519e+07,-5.05488e+06,-1.66586e+07,1.34176,461.617,25,1.34176,162.653,77.2792,8.76831,2.03402,29.3605,46.4999,9.7651,14.7389,23.668,3.93038e+07,5.54567e+08,1.7156e+08,2.55144e+08,198.216,8.46162e+07,656728,2.84244e+07,9,0.85548
211,4391.83,-23.9658,0.528,0.63,0.694,0.617333,430.315,4.09458e+07,409.203,1.36489e+07,1020.82,7.6217e+08,1.1263e+07,2.57811e+08,-3.58799e+07,-2.68548e+07,-1.55597e+07,-2.60982e+07,31.6874,373.941,120.695,31.6874,175.441,40.9391,1.17771,31.6874,24.6014,40.1735,2.19567,8.70351,17.0242,8.31451e+07,6.09662e+08,1.00619e+08,2.64475e+08,211.224,1.67709e+08,3.82366e+06,5.71777e+07,8,0.0817833
212,4389.92,-24.0787,0.522,0.572,0.652,0.582,546.638,891787,761.078,297698,1188.83,4.47037e+08,1.0582e+07,1.5254e+08,-3.74509e+07,-1.62345e+07,-1.80589e+07,-2.39148e+07,8.11667,361.223,119.556,8.11667,162.965,24.9563,1.23202,8.19059,11.4596,42.7692,5.36036,37.0147,28.3814,4.44484e+07,6.43502e+08,2.11917e+08,2.99956e+08,234.519,1.31883e+08,2.27427e+06,4.4719e+07,10,0.307217
213,4388.01,-24.2379,0.518,0.554,0.524,0.532,459.313,7.30089e+06,472855,2.5914e+06,1460.68,7.9937e+08,2.08636e+08,3.36002e+08,-3.30943e+07,-2.34821e+07,-8.03919e+06,-2.15385e+07,1.00066,396.563,136.061,1.00066,177.875,30.6139,1.39582,1.00067,11.0035,31.931,2.52355,3.17592,12.5435,1.50375e+08,6.40359e+08,5.84188e+08,4.58307e+08,329.042,1.90201e+08,3.8598e+07,7.62664e+07,5,0.999672
214,4388.01,-24.4139,0.51,0.612,0.724,0.615333,571.593,1.2828e+07,4940.67,4.27783e+06,2180.32,4.07495e+08,5.63184e+06,1.3771e+08,-3.30797e+07,-2.74567e+07,-1.38758e+07,-2.48041e+07,1.01663,363.65,127.219,1.01663,163.962,21.5136,4.22058,1.01663,8.91695,28.5244,1.69141,19.2749,16.4969,1.41891e+08,6.46938e+08,5.58396e+08,4.49075e+08,440.434,1.29613e+08,715286,4.3443e+07,5,0.99176
215,4386.1,-24.5522,0.542,0.534,0.646,0.574,883.186,576025,1624.93,192844,2022,1.25285e+08,8.45434e+07,6.99435e+07,-4.59104e+07,-1.51318e+07,-1.6647e+07,-2.58964e+07,2.86855,62.5292,169.043,2.86855,78.1471,2.52777,1.2356,2.86855,2.21064,27.9229,6.91123,7.17146,14.0019,1.15074e+08,5.4925e+08,5.15335e+08,3.9322e+08,396.008,3.88972e+07,1.79277e+07,1.89418e+07,6,0.565224
216,4386.1,-24.7295,0.56,0.578,0.62,0.586,534.576,3012.36,1.54699e+06,516847,1365.77,8.35536e+07,6.87378e+07,5.07643e+07,-3.18034e+07,-2.4891e+07,-1.62153e+07,-2.43032e+07,5.36782,452.705,118.679,5.36782,192.251,24.9406,8.06011,5.36782,12.7895,34.1937,6.11575,4.11338,14.8076,1.4731e+08,4.50532e+08,6.71432e+08,4.23091e+08,318.361,2.06781e+07,2.60579e+07,1.55788e+07,7,0.316134
217,4384.19,-24.8748,0.54,0.55,0.696,0.595333,666.125,698.624,7.33249e+07,2.44421e+07,1369.96,8.43873e+07,1.55817e+08,8.00686e+07,-4.10187e+07,-1.33048e+07,-2.95124e+07,-2.79453e+07,1,241.279,130.305,1,124.195,11.4291,24.1063,1,12.1785,33.9734,13.0844,1,16.0193,9.78115e+07,5.23207e+08,5.27814e+08,3.82944e+08,268.708,2.35064e+07,2.88589e+07,1.74552e+07,7,1
218,4382.28,-24.6644,0.516,0.504,0.624,0.548,1347.38,854.551,4.51543e+07,1.50522e+07,2263.49,3.98671e+07,9.2278e+07,4.40491e+07,-4.0827e+07,-1.17832e+07,-9.42012e+06,-2.06768e+07,1,26.1165,193.753,1,73.623,2.83697,11.0668,1,4.96792,36.0258,14.9389,1,17.3216,4.79152e+07,5.70127e+08,4.11296e+07,2.19724e+08,390.16,1.08846e+07,2.12333e+07,1.07061e+07,6,1
219,4382.28,-24.5798,0.486,0.616,0.658,0.586667,1047.48,578.517,8.70036e+06,2.90066e+06,2252.53,3.70861e+07,4.05843e+08,1.47644e+08,-3.6461e+07,-1.59235e+07,-9.658e+06,-2.06808e+07,1,299.061,119,1,139.687,5.72685,26.3043,1,11.0104,33.395,9.70068,1,14.6986,1.49302e+08,4.33331e+08,7.38502e+08,4.40378e+08,448.013,1.11927e+07,8.63546e+07,3.25159e+07,5,1
220,4380.37,-24.7091,0.5,0.506,0.634,0.546667,952.297,536.454,1.1242e+08,3.74739e+07,76447.5,1.56265e+07,1.84996e+08,6.68996e+07,-5.59943e+07,-1.06241e+07,-1.75245e+07,-2.80476e+07,1,273.998,119,1,131.333,5.71517,20.3143,1,9.00982,29.3997,20.3024,1,16.9007,1.29075e+08,5.98442e+08,1.0245e+09,5.84006e+08,4315.46,4.4338e+06,4.83319e+07,1.759e+07,6,1
221,4378.46,-24.8446,0.56,0.518,0.622,0.566667,850.165,1019.37,1.07988e+08,3.59967e+07,2377.66,1.8162e+06,4.43235e+08,1.48351e+08,-6.60131e+07,-7.91075e+06,-1.68602e+07,-3.02614e+07,1,320.161,121.891,1,147.684,6.76719,8.19705,1,5.32142,25.1036,31.9914,1,19.365,9.32456e+07,4.46832e+08,8.547e+08,4.64926e+08,534.96,307053,1.4597e+08,4.87591e+07,10,1
222,4378.46,-24.9876,0.474,0.552,0.58,0.535333,1397.63,730.478,2.54047e+07,8.46896e+06,2852.56,3.03459e+08,4.4805e+08,2.50504e+08,-5.81252e+07,-1.20779e+07,-8.86802e+06,-2.6357e+07,21.1565,30.151,133.812,21.1565,61.7065,1.44859,17.8465,21.1565,13.4839,31.0082,18.355,5.73862,18.3673,9.08144e+07,2.20171e+08,4.43904e+08,2.5163e+08,555.901,1.16823e+08,1.23619e+08,8.01477e+07,8,0.0723863
223,4376.55,-24.8531,0.512,0.536,0.67,0.572667,1390.3,414.803,7.89342e+07,2.6312e+07,2968.36,1.57894e+07,9.26197e+08,3.13996e+08,-6.4943e+07,-8.02784e+06,-1.11728e+07,-2.80479e+07,1,121.978,119.209,1,80.7288,2.01739,47.4029,1,16.8068,28.3408,37.3035,1,22.2148,8.52181e+07,1.90324e+08,3.58079e+08,2.11207e+08,584.971,2.99395e+06,3.35984e+08,1.12993e+08,11,1
224,4374.64,-25.0214,0.54,0.438,0.668,0.548667,542.075,989.825,5.13862e+07,1.71292e+07,1682.48,1.48851e+08,1.37564e+08,9.54722e+07,-6.47313e+07,-1.35349e+07,-9.15578e+06,-2.91406e+07,1,461.349,121.435,1,194.595,20.9467,23.5592,1,15.1686,37.6607,9.42295,1,16.0279,8.47214e+07,4.8682e+08,1.21967e+09,5.9707e+08,418.955,4.71376e+07,3.95115e+07,2.88832e+07,5,1
225,4374.64,-24.984,0.522,0.544,0.562,0.542667,730.791,585.348,7.29739e+07,2.43251e+07,2111,1.35108e+08,1.76844e+08,1.03985e+08,-6.74528e+07,-1.58348e+07,-7.55617e+06,-3.02813e+07,1,164.198,347.181,1,170.793,14.4902,29.0751,1,14.8551,33.5196,13.602,1,16.0405,8.23543e+07,3.30438e+08,1.99597e+08,2.0413e+08,525.902,4.52387e+07,4.95709e+07,3.16034e+07,8,1
226,4372.73,-25.0624,0.532,0.628,0.61,0.59,631.747,1010.09,8.63287e+06,2.87817e+06,2066.03,2.43122e+08,9.91364e+07,1.14087e+08,-7.2911e+07,-1.76261e+07,-8.56296e+06,-3.30334e+07,11.1005,407.303,143.191,11.1005,187.198,17.9822,5.12192,11.1005,11.4015,29.3495,10.8476,5.56655,15.2546,9.37488e+07,2.96948e+08,6.17055e+08,3.35917e+08,522.29,7.89286e+07,3.4452e+07,3.77937e+07,8,0.246204
227,4370.82,-25.233,0.576,0.484,0.686,0.582,657.511,757.465,6.17831e+06,2.05991e+06,2072.68,1.9997e+08,1.5326e+08,1.17744e+08,-9.46103e+07,-9.68891e+06,-1.86287e+07,-4.0976e+07,1.02929,442.893,260.399,1.02929,234.774,18.0014,6.03442,1.02929,8.35504,29.054,13.5312,4.67627,15.7538,1.41351e+08,7.96219e+08,1.26713e+09,7.34898e+08,495.933,7.28293e+07,5.48019e+07,4.25439e+07,9,0.985564
228,4370.82,-25.0504,0.614,0.478,0.716,0.602667,585.364,2.0197e+07,5.59805e+07,2.53927e+07,1690.82,2.41944e+08,1.45501e+08,1.29149e+08,-9.81763e+07,-1.50117e+07,-2.59714e+07,-4.63865e+07,1,379.118,202.026,1,194.048,19.0673,6.12977,1,8.73237,32.1122,4.10098,1,12.4044,8.48892e+07,5.72607e+08,9.89129e+08,5.48875e+08,383.613,6.12119e+07,2.38601e+07,2.83575e+07,9,1
229,4368.91,-24.8555,0.59,0.526,0.776,0.630667,671.62,2.8034e+07,2.98973e+07,1.93106e+07,2000.13,3.11308e+08,5.14585e+07,1.20923e+08,-9.81953e+07,-8.24578e+06,-1.41303e+07,-4.01905e+07,1,418.744,123.913,1,181.219,11.7613,6.36702,1,6.3761,29.889,7.12938,1.19952,12.7393,1.09784e+08,1.85033e+08,1.52278e+08,1.49031e+08,472.667,1.14442e+08,9.94718e+06,4.14633e+07,5,1
230,4367.01,-24.6683,0.652,0.602,0.658,0.637333,649.541,1.3457e+08,1.23238e+07,4.89648e+07,1648.14,4.02081e+08,1.55247e+08,1.85777e+08,-1.08899e+08,-1.32051e+07,-2.10664e+07,-4.77235e+07,1,376.377,133.6,1,170.326,12.3211,1.099,1,4.80669,33.3291,1.1765,1,11.8352,8.25342e+07,1.74216e+08,6.64174e+08,3.06974e+08,361.84,1.20826e+08,3.32457e+07,5.13573e+07,6,1
231,4367.01,-24.7665,0.612,0.498,0.738,0.616,656.431,1.39055e+08,3.753e+06,4.76029e+07,1665.06,5.1374e+08,3.17982e+08,2.77241e+08,-7.96422e+07,-9.76717e+06,-1.47499e+07,-3.47198e+07,1,283.825,118,1,134.275,13.833,1,1,5.27766,34.8605,1,1,12.2868,1.71591e+08,1.84917e+08,5.32734e+08,2.96414e+08,361.732,1.44163e+08,6.80442e+07,7.07357e+07,5,1
232,4365.1,-24.9273,0.628,0.558,0.704,0.63,678.992,8.0033e+07,1.70868e+06,2.72475e+07,1566.31,4.64581e+08,1.05075e+08,1.89886e+08,-1.22865e+08,-1.28762e+07,-1.02869e+07,-4.8676e+07,1,365.16,126.902,1,164.354,11.3628,1.09019,1,4.48432,28.8112,1.14714,1,10.3194,1.62792e+08,2.13452e+08,1.83682e+08,1.86642e+08,320.549,1.42437e+08,2.19447e+07,5.47939e+07,5,1
233,4363.2,-24.9276,0.614,0.572,0.698,0.628,572.841,1.65709e+07,4.08114e+06,6.88419e+06,1397.97,3.80647e+08,6.61055e+07,1.48918e+08,-1.16855e+08,-1.27703e+07,-1.10407e+07,-4.68888e+07,1,433.823,140.108,1,191.644,23.0114,4.32441,1,9.44528,33.8533,7.65913,1,14.1708,1.684e+08,2.48389e+08,1.34779e+08,1.83856e+08,299.925,1.37954e+08,2.31645e+07,5.37062e+07,7,1
234,4363.2,-25.0469,0.598,0.552,0.658,0.602667,695.917,1.76473e+07,9.48922e+06,9.04572e+06,1364.09,2.51575e+08,2.41321e+08,1.64299e+08,-5.6644e+07,-1.15336e+07,-7.69391e+06,-2.52905e+07,1,328.566,122.066,1,150.544,10.1964,1.83019,1,4.3422,44.6543,2.56303,1,16.0724,1.33261e+08,2.1957e+08,2.92179e+08,2.15004e+08,269.881,8.10896e+07,4.80675e+07,4.30525e+07,5,1
235,4361.29,-24.854,0.578,0.554,0.616,0.582667,849.034,5.63478e+07,399.913,1.8783e+07,1588.59,5.14854e+08,2.49918e+08,2.54924e+08,-5.55397e+07,-1.18462e+07,-9.736e+06,-2.57073e+07,35.9905,77.4738,119,35.9905,77.4881,3.14752,3.74007,35.9904,14.2927,41.0435,3.17426,12.6772,18.965,9.86017e+07,2.5276e+08,3.14142e+08,2.21835e+08,293.191,1.63797e+08,6.68914e+07,7.68963e+07,7,0.0801755
236,4361.29,-24.6683,0.602,0.582,0.75,0.644667,515.458,1.17292e+08,6.79722e+06,4.13632e+07,1601.9,6.19064e+08,3.86765e+07,2.19247e+08,-5.19277e+07,-1.28712e+07,-1.5468e+07,-2.67556e+07,1,409.854,139.615,1,183.49,27.1522,1.08588,1,9.74603,28.5631,1.29261,1.16316,10.3396,1.7265e+08,3.2411e+08,3.19082e+08,2.71947e+08,318.112,2.01116e+08,1.09405e+07,7.06856e+07,6,1
237,4359.39,-24.8067,0.548,0.582,0.682,0.604,600.356,3114.22,2.01849e+07,6.72955e+06,1423.28,2.9699e+08,8.91195e+07,1.28704e+08,-4.54338e+07,-1.21054e+07,-2.20221e+07,-2.65204e+07,1,420.08,119,1,180.027,15.9743,5.84141,1,7.60523,33.9636,14.0667,1,16.3434,1.4578e+08,2.87686e+08,7.07833e+07,1.68083e+08,300.381,8.68964e+07,2.24626e+07,3.64531e+07,5,1
238,4357.48,-24.9948,0.534,0.52,0.688,0.580667,439.583,4.76643e+07,5.94784e+07,3.57144e+07,1076.03,6.18617e+08,2.26406e+08,2.81675e+08,-6.09902e+07,-1.00775e+07,-3.57756e+07,-3.56144e+07,1,426.437,119.179,1,182.205,42.9706,3.49187,1,15.8208,36.5365,6.00346,1,14.5133,1.45851e+08,3.01947e+08,2.46067e+08,2.31288e+08,234.306,1.99087e+08,4.1318e+07,8.01351e+07,5,1
239,4357.48,-25.1834,0.502,0.528,0.678,0.569333,449.367,4.97402e+06,7.54956e+06,4.17468e+06,1002.39,4.23109e+08,4.17255e+08,2.80122e+08,-2.4502e+07,-7.24407e+06,-1.46109e+07,-1.54523e+07,5.02903,449.472,119.222,5.02903,191.241,38.2291,12.5059,5.02903,18.588,44.1726,6.4219,1,17.1982,1.68329e+08,2.70012e+08,2.62273e+08,2.33538e+08,221.645,1.55436e+08,1.86638e+08,1.14025e+08,7,0.326017
240,4355.57,-25.0271,0.556,0.582,0.764,0.634,500.082,2.372e+07,2.75289e+07,1.70831e+07,1190.28,3.60726e+08,2.146e+08,1.91776e+08,-3.18002e+07,-9.1902e+06,-2.50863e+07,-2.20256e+07,1,467.962,133.028,1,200.663,30.5376,27.323,1,19.6202,42.6119,8.28213,1,17.298,1.23511e+08,2.42164e+08,3.53345e+08,2.39673e+08,235.11,1.13741e+08,4.34146e+07,5.23854e+07,6,1
241,4353.66,-24.845,0.532,0.51,0.714,0.585333,784.892,8.97794e+07,2.44112e+08,1.11297e+08,1335.51,3.41993e+08,3.4501e+08,2.29002e+08,-2.73674e+07,-9.6619e+06,-4.7386e+07,-2.81384e+07,1,279.563,332.79,1,204.451,5.58581,1.88144,1,2.82242,45.8576,2.15826,1,16.3386,1.09499e+08,2.72512e+08,1.94496e+08,1.92169e+08,225.626,8.58648e+07,4.20903e+07,4.26517e+07,7,1
242,4353.66,-24.9956,0.612,0.508,0.736,0.618667,678.093,1877.87,1.52751e+08,5.09177e+07,1327.06,2.34619e+08,2.89474e+08,1.74698e+08,-2.43277e+07,-5.59196e+06,-2.71379e+07,-1.90192e+07,1,402.525,119.04,1,174.188,11.4991,3.47608,1,5.32507,39.4007,14.243,1,18.2146,1.59445e+08,2.90392e+08,2.84273e+08,2.44703e+08,272.2,7.69847e+07,3.9369e+07,3.87847e+07,6,1
243,4351.76,-25.1472,0.576,0.512,0.754,0.614,495.003,4.91839e+07,3.60637e+07,2.8416e+07,1227.56,4.9569e+08,3.24883e+08,2.73525e+08,-4.14757e+07,-7.08388e+06,-2.78134e+07,-2.54577e+07,1,440.391,118.032,1,186.475,30.1775,2.70632,1,11.2946,29.9616,2.15762,1,11.0397,1.43625e+08,2.96623e+08,1.40026e+08,1.93425e+08,268.32,1.48734e+08,1.24347e+08,9.10271e+07,5,1
244,4349.85,-24.9366,0.554,0.568,0.782,0.634667,742.683,1.58465e+07,5.03374e+07,2.20615e+07,1726.41,4.46789e+08,3.51919e+08,2.66237e+08,-4.19933e+07,-1.07888e+07,-3.50995e+07,-2.92938e+07,1,351.025,119.001,1,157.009,5.61399,3.72645,1,3.44681,31.0222,3.28754,1,11.7699,1.11621e+08,3.27117e+08,1.87216e+08,2.08652e+08,348.175,1.29826e+08,1.37809e+08,8.92117e+07,5,1
245,4349.85,-24.9647,0.562,0.602,0.692,0.618667,886.664,1142.67,9.09952e+07,3.03324e+07,3.35537e+06,3.19729e+08,6.15205e+08,3.12763e+08,-6.27697e+07,-8.4361e+06,-3.15027e+07,-3.42361e+07,1,324.649,127.347,1,150.999,5.44603,5.44025,1,3.96209,18.6656,14.1118,1,11.2591,1.30857e+08,3.26848e+08,3.19165e+08,2.58957e+08,644173,7.35464e+07,2.17491e+08,9.72272e+07,5,1
246,4347.95,-24.8769,0.558,0.516,0.75,0.608,624.053,2739.31,6.55695e+07,2.18576e+07,1.15357e+07,6.34633e+08,2.06537e+08,2.84235e+08,-8.51336e+07,-1.22687e+07,-3.93092e+07,-4.55705e+07,1,356.623,119,1,158.874,15.5011,29.8364,1,15.4458,18.102,8.5798,1,9.22727,1.14246e+08,3.5296e+08,3.3183e+08,2.66346e+08,2.1603e+06,2.42158e+08,4.81907e+07,9.7503e+07,6,1
247,4346.05,-25.0106,0.558,0.504,0.75,0.604,614.024,4.7462e+07,8.05992e+07,4.26873e+07,1.0338e+07,5.53924e+08,2.2051e+08,2.61591e+08,-8.49031e+07,-9.6198e+06,-3.28212e+07,-4.2448e+07,1,324.836,119.054,1,148.297,20.2692,1.53946,1,7.60289,17.5632,3.90552,1,7.48957,9.46627e+07,3.3622e+08,3.83751e+08,2.71545e+08,2.08241e+06,2.05626e+08,5.20025e+07,8.65704e+07,5,1
248,4346.05,-24.7418,0.56,0.474,0.71,0.581333,966.119,1169.21,1.92474e+08,6.41588e+07,2.40197e+07,3.21714e+08,5.02987e+08,2.82907e+08,-1.04388e+08,-8.36627e+06,-4.1836e+07,-5.15301e+07,1,384.253,26.2126,1,137.155,10.64,1.11097,1,4.25032,13.7936,14.6531,1,9.81556,1.18567e+08,2.76827e+08,3.52668e+08,2.49354e+08,6.63081e+06,1.08054e+08,8.06226e+07,6.51023e+07,5,1
249,4344.15,-24.7608,0.536,0.508,0.65,0.564667,1165.9,1.71245e+08,2598.81,5.70829e+07,3.809e+07,4.70512e+08,8.68514e+07,1.98484e+08,-1.09709e+08,-1.20839e+07,-1.46773e+07,-4.549e+07,3.1319,68.8647,119.541,3.1319,63.8459,2.80099,1.04603,3.13249,2.3265,13.5222,1.42151,4.42699,6.45689,1.29088e+08,2.72006e+08,2.91756e+08,2.3095e+08,9.45062e+06,1.23249e+08,2.39795e+07,5.22264e+07,6,0.399586
250,4342.25,-24.8299,0.56,0.534,0.782,0.625333,1196.74,2.09172e+08,5709,6.97265e+07,5.18628e+07,5.06311e+08,3.24579e+08,2.94251e+08,-1.12873e+08,-1.35675e+07,-2.02258e+07,-4.88887e+07,1.02167,345.368,119,1.02167,155.13,4.20104,1,1.02168,2.07424,11.8188,1,2.00377,4.94086,1.31502e+08,1.9459e+08,2.35415e+08,1.87169e+08,1.39156e+07,1.56388e+08,6.81156e+07,7.94729e+07,5,0.989293
251,4342.25,-24.6066,0.558,0.51,0.658,0.575333,1193.79,1.01157e+08,9.72064e+06,3.69597e+07,4.58683e+07,5.30446e+08,4.60992e+08,3.45769e+08,-1.28839e+08,-1.29645e+07,-3.38083e+07,-5.85373e+07,1,320.294,119.491,1,146.928,7.62396,1.3642,1,3.32939,11.6225,2.32961,1,4.98404,1.35849e+08,2.63244e+08,3.82248e+08,2.60447e+08,1.2769e+07,1.92095e+08,1.51544e+08,1.18803e+08,6,1
252,4340.35,-24.4926,0.544,0.522,0.654,0.573333,1590.92,386.958,1.80666e+08,6.02227e+07,6.45429e+07,9.38706e+06,1.04916e+09,3.74364e+08,-1.35832e+08,-8.40343e+06,-3.04101e+07,-5.82153e+07,1,167.922,129.898,1,99.6068,1.65096,48.3341,1,16.995,13.465,35.6393,1,16.7014,1.62269e+08,2.45263e+08,5.45701e+08,3.17744e+08,1.71239e+07,1.95266e+06,2.57719e+08,9.22651e+07,7,1
253,4338.45,-24.5651,0.568,0.644,0.714,0.642,1626.06,2.21754e+07,3.86872e+07,2.02881e+07,7.684e+07,1.23186e+08,1.78579e+08,1.26201e+08,-1.39005e+08,-1.67259e+07,-2.29717e+07,-5.95675e+07,1,272.859,119,1,130.953,3.44543,1,1,1.81514,8.76442,1,1,3.58814,1.63774e+08,2.55222e+08,2.09602e+08,2.09532e+08,2.11894e+07,3.64057e+07,3.28315e+07,3.01422e+07,5,1
254,4338.45,-24.6455,0.574,0.656,0.798,0.676,1998.26,2.00866e+07,1.21586e+07,1.07491e+07,5.08851e+07,6.36549e+07,1.61424e+09,5.76261e+08,-1.38544e+08,-1.60578e+07,-4.2776e+07,-6.57927e+07,1,145.614,119,1,88.538,1.94599,1,1,1.31533,9.97651,1,1,3.99217,1.69537e+08,1.02931e+08,8.78558e+08,3.83675e+08,1.48253e+07,1.51457e+07,7.36465e+08,2.55479e+08,5,1
255,4336.55,-24.4231,0.552,0.56,0.718,0.61,2487.81,1.26305e+08,3.78393e+08,1.68233e+08,6.65317e+07,1.99285e+08,5.47386e+08,2.71068e+08,-1.1919e+08,-1.4837e+07,-4.88414e+07,-6.0956e+07,1,127.371,119,1,82.4571,1.07183,1,1,1.02394,7.12724,1,1,3.04241,1.5872e+08,2.31754e+08,6.28805e+08,3.3976e+08,1.85155e+07,3.4793e+07,1.4716e+08,6.6823e+07,5,1
256,4334.65,-24.3823,0.518,0.582,0.822,0.640667,2206.61,5.7816e+07,2.28066e+07,2.68749e+07,6.14871e+07,1.22816e+08,3.45383e+08,1.76562e+08,-1.12625e+08,-1.77057e+07,-2.25784e+07,-5.09697e+07,1,142.715,119,1,87.5718,1.21982,1,1,1.07327,8.48498,1,1,3.49499,1.69047e+08,2.1354e+08,1.79091e+08,1.87226e+08,1.77248e+07,2.84485e+07,6.63815e+07,3.75183e+07,5,1
257,4334.65,-24.4203,0.552,0.56,0.778,0.63,2022.49,5.78542e+07,6.4559e+06,2.14374e+07,6.35031e+07,1.66968e+08,4.0704e+08,2.12504e+08,-1.09854e+08,-2.9151e+07,-2.00427e+07,-5.3016e+07,1,128.115,119,1,82.7049,1.92282,1,1,1.30761,9.12728,1,1,3.70909,1.90862e+08,3.03241e+08,1.21093e+09,5.68346e+08,1.80047e+07,4.27547e+07,1.53941e+08,7.15667e+07,5,1
258,4332.75,-24.429,0.58,0.656,0.666,0.634,2515.57,250.096,1.982e+07,6.60759e+06,6.4708e+07,6.02949e+07,1.13995e+09,4.21651e+08,-1.16182e+08,-1.40406e+07,-1.66426e+07,-4.89552e+07,1,122.384,119.059,1,80.8143,1.08952,54.9855,1,19.025,7.95116,6.98401,1,5.31172,1.81415e+08,2.64915e+08,1.03371e+09,4.93346e+08,1.79785e+07,2.05225e+07,5.4119e+08,1.9323e+08,5,1
259,4330.85,-24.1193,0.52,0.55,0.656,0.575333,1708.03,7.94216e+07,196.586,2.64745e+07,6.57067e+07,1.53525e+08,4.78582e+08,2.32604e+08,-9.67047e+07,-3.0305e+07,-2.32245e+07,-5.00781e+07,86.9593,310.213,119,86.9593,172.058,3.23678,1,86.9593,30.3987,10.6207,1,24.483,12.0346,1.66913e+08,1.00637e+08,4.86328e+08,2.51293e+08,1.80514e+07,3.73306e+07,2.21817e+08,9.23995e+07,5,0.0289778
260,4330.85,-24.0752,0.578,0.606,0.72,0.634667,2186.53,6.22387e+07,2.8741e+07,3.03273e+07,9.04831e+07,2.81342e+08,2.18893e+08,1.96906e+08,-1.05457e+08,-2.70507e+07,-4.28491e+07,-5.84522e+07,1,125.234,119,1,81.7446,1.11186,1,1,1.03729,10.5492,1,1,4.18307,2.05483e+08,2.43325e+08,7.15627e+08,3.88145e+08,2.88139e+07,8.39464e+07,4.53892e+07,5.27165e+07,5,1
261,4328.96,-23.7533,0.57,0.708,0.708,0.662,1577.45,2.74171e+07,2.83305e+07,1.8583e+07,2.97162e+07,2.52359e+08,1.18604e+09,4.89371e+08,-9.05222e+07,-2.3419e+07,-4.97681e+07,-5.45698e+07,1,190.445,119,1,103.482,1.82314,1,1,1.27438,13.3284,1,1,5.10946,1.86264e+08,2.91615e+08,6.20552e+08,3.66144e+08,7.18977e+06,5.11046e+07,3.29408e+08,1.29234e+08,5,1
262,4327.06,-23.7599,0.53,0.724,0.718,0.657333,1677.83,1.30406e+08,4.21897e+07,5.75323e+07,4.55569e+07,3.64683e+08,1.61724e+09,6.75827e+08,-9.13646e+07,-4.34281e+07,-4.35824e+07,-5.94584e+07,1,306.564,119,1,142.188,4.20649,1,1,2.06883,9.92238,1,1,3.97413,1.76572e+08,2.41598e+08,1.34442e+09,5.87529e+08,1.39139e+07,9.06163e+07,7.25343e+08,2.76624e+08,5,1
263,4327.06,-23.808,0.584,0.576,0.74,0.633333,1373.67,2.69945e+08,2.48468e+07,9.82643e+07,7.81265e+07,4.82298e+08,1.05676e+09,5.39061e+08,-9.53744e+07,-2.67956e+07,-4.66853e+07,-5.62851e+07,1,328.138,119,1,149.379,4.32407,1,1,2.10802,12.4309,1,1,4.81031,1.85934e+08,2.50344e+08,1.02631e+09,4.87528e+08,2.29136e+07,1.04676e+08,4.02037e+08,1.76542e+08,5,1
264,4325.16,-23.5147,0.636,0.662,0.736,0.678,1685.84,1.58507e+08,2.55953e+07,6.13679e+07,7.13596e+07,3.59056e+08,1.11696e+09,5.1579e+08,-9.93531e+07,-4.92868e+07,-3.92795e+07,-6.26398e+07,1,211.339,119,1,110.446,3.50152,1,1,1.83384,8.17765,1,1,3.39255,1.77893e+08,3.58634e+08,5.95463e+08,3.7733e+08,2.14844e+07,6.36278e+07,2.65974e+08,1.17029e+08,5,1
265,4323.26,-23.5193,0.608,0.638,0.774,0.673333,1258.62,5.33012e+07,2.24128e+07,2.52384e+07,3.05955e+07,4.16567e+08,1.16377e+09,5.36978e+08,-7.50493e+07,-4.95585e+07,-3.73407e+07,-5.39828e+07,1,320.62,119,1,146.873,6.60998,1,1,2.86999,14.0905,1,1,5.36349,1.80936e+08,3.02571e+08,1.09591e+09,5.26471e+08,8.26034e+06,1.34477e+08,5.23338e+08,2.22025e+08,5,1
266,4323.26,-23.1496,0.586,0.508,0.776,0.623333,944.801,1.76837e+08,7.45423e+07,8.37934e+07,2.85511e+07,1.16976e+09,6.75925e+08,6.24746e+08,-7.13561e+07,-3.55349e+07,-6.50578e+07,-5.73163e+07,1,420.922,118,1,179.974,11.9335,1,1,4.64451,13.5491,1,1,5.18305,1.58551e+08,4.41375e+08,9.37105e+08,5.12344e+08,7.91493e+06,3.85995e+08,2.64746e+08,2.19552e+08,5,1
267,4321.36,-23.2516,0.578,0.636,0.752,0.655333,1305.65,2.87643e+08,6.38781e+07,1.17174e+08,2.79587e+07,8.24051e+08,6.46976e+08,4.99662e+08,-7.97774e+07,-4.80784e+07,-4.77331e+07,-5.85296e+07,1,330.019,118,1,149.673,4.4478,1,1,2.14927,13.341,1,1,5.11368,1.82161e+08,3.43382e+08,6.208e+08,3.82114e+08,6.6084e+06,2.13701e+08,2.6559e+08,1.61966e+08,5,1
268,4321.36,-23.3494,0.538,0.446,0.756,0.58,792.259,3.08017e+08,5.08872e+07,1.19635e+08,3.07347e+07,1.36597e+09,5.6388e+08,6.53528e+08,-7.73811e+07,-2.67409e+07,-4.62677e+07,-5.01299e+07,1,424.759,119,1,181.586,9.88731,1,1,3.96244,15.9577,1,1,5.98591,1.9379e+08,5.12458e+08,3.35938e+08,3.47395e+08,7.72859e+06,3.71626e+08,1.49748e+08,1.76368e+08,5,1
269,4319.46,-23.5415,0.594,0.522,0.814,0.643333,1255.07,4.40298e+08,2.97159e+07,1.56672e+08,1.33832e+07,1.33172e+09,9.30442e+08,7.58514e+08,-1.07397e+08,-4.29607e+07,-4.89387e+07,-6.64321e+07,1,248.081,119,1,122.694,2.96545,1,1,1.65515,13.9917,1,1,5.33056,1.60586e+08,5.10201e+08,2.13982e+09,9.3687e+08,3.30111e+06,4.16942e+08,4.09685e+08,2.76643e+08,5,1
270,4317.57,-23.3732,0.534,0.632,0.714,0.626667,1261.32,2.91737e+08,2.75186e+08,1.88975e+08,1.28225e+07,1.03265e+09,3.607e+08,4.68723e+08,-1.00078e+08,-5.33913e+07,-2.17281e+07,-5.83993e+07,1,31.2175,118,1,50.0725,1.29552,1,1,1.09851,18.068,1,1,6.68934,1.47806e+08,4.91935e+08,2.69784e+08,3.03175e+08,3.00304e+06,2.8835e+08,8.19511e+07,1.24435e+08,5,1
271,4317.57,-23.6365,0.546,0.608,0.774,0.642667,542.038,7.8676e+08,2.92032e+07,2.71988e+08,2.63674e+07,1.57845e+09,2.22133e+08,6.08983e+08,-1.32693e+08,-4.05826e+07,-3.56197e+07,-6.96317e+07,1,392.459,119,1,170.82,19.9284,1,1,7.30947,16.5889,1,1,6.19631,1.70337e+08,5.76288e+08,9.65534e+08,5.7072e+08,5.87194e+06,3.76272e+08,4.32782e+07,1.41807e+08,5,1
272,4315.67,-23.938,0.538,0.564,0.862,0.654667,620.469,3.62137e+08,1.83136e+07,1.26817e+08,5.05239e+07,1.40131e+09,6.12704e+08,6.8818e+08,-1.30477e+08,-3.03984e+07,-2.92903e+07,-6.33887e+07,1,399.194,118,1,172.731,15.6245,1,1,5.87483,13.9213,1,1,5.30709,1.4808e+08,7.3267e+08,4.54097e+08,4.44949e+08,1.39268e+07,4.05874e+08,2.22267e+08,2.14023e+08,5,1
273,4313.79,-24.1969,0.536,0.48,0.806,0.607333,1831.16,6.39989e+08,1.75707e+07,2.19187e+08,6.1698e+07,1.72026e+09,4.13809e+08,7.31922e+08,-1.05861e+08,-3.09974e+07,-2.42183e+07,-5.36923e+07,1,25.1343,119,1,48.3781,1.00537,1,1,1.00179,12.7889,1,1,4.92963,1.50592e+08,6.88989e+08,1.1022e+09,6.4726e+08,1.89817e+07,5.81507e+08,1.14907e+08,2.38465e+08,5,1
274,4313.79,-24.4727,0.464,0.468,0.802,0.578,790.806,1.83537e+08,1.45709e+07,6.60361e+07,7.79534e+07,9.26996e+08,3.02438e+08,4.35796e+08,-9.41379e+07,-2.48309e+07,-2.48415e+07,-4.79367e+07,1,361.089,119,1,160.363,13.7837,1,1,5.26124,10.9578,1,1,4.31926,1.43379e+08,1.08788e+09,1.69242e+09,9.74558e+08,2.38165e+07,2.78574e+08,1.04073e+08,1.35488e+08,5,1
275,4311.9,-24.3851,0.546,0.474,0.814,0.611333,1052.81,9.46135e+07,7.53152e+06,3.40487e+07,4.48885e+07,2.23195e+09,2.80503e+08,8.52448e+08,-9.85849e+07,-2.7299e+07,-1.93875e+07,-4.84238e+07,1,219.782,119,1,113.261,2.52863,1,1,1.50954,15.0535,1,1,5.6845,1.50726e+08,1.11857e+09,1.51332e+09,9.27541e+08,1.2468e+07,6.91955e+08,5.71977e+07,2.53874e+08,5,1
276,4310,-24.6663,0.554,0.58,0.782,0.638667,1153.21,3.42437e+08,1.27278e+07,1.18389e+08,5.25061e+07,1.84055e+09,9.23657e+08,9.38906e+08,-1.07753e+08,-4.17218e+07,-1.95048e+07,-5.63267e+07,1,297.495,119,1,139.165,4.09672,1,1,2.03224,10.672,1,1,4.22401,1.47214e+08,7.88737e+08,9.64864e+08,6.33605e+08,1.40154e+07,6.26305e+08,2.08137e+08,2.82819e+08,5,1
277,4310,-24.5726,0.5,0.636,0.786,0.640667,1.84733e+06,9.02111e+07,1.15231e+07,3.45272e+07,3.71541e+07,1.02149e+09,2.3873e+08,4.32459e+08,-9.44167e+07,-3.87367e+07,-1.90893e+07,-5.07475e+07,1,154.1,118,1,91.0333,2.97022,1,1,1.65674,3.86055,1,1,1.95352,1.58339e+08,1.09596e+09,1.28386e+09,8.46053e+08,1.07604e+07,2.26616e+08,6.2206e+07,9.98608e+07,5,1
278,4308.11,-24.7988,0.574,0.664,0.744,0.660667,1.02756e+07,2.85957e+08,1.39205e+07,1.03384e+08,6.85861e+07,5.10217e+08,6.09929e+08,3.96244e+08,-1.21284e+08,-3.8649e+07,-1.71518e+07,-5.90282e+07,1,25,119,1,48.3333,1.00782,1,1,1.00261,1.15807,1,1,1.05269,1.24487e+08,3.80188e+08,1.18428e+09,5.62986e+08,1.97687e+07,1.02788e+08,1.84241e+08,1.02266e+08,5,1
279,4306.22,-24.7707,0.62,0.656,0.82,0.698667,1.21172e+07,4.65015e+08,1.44855e+07,1.63873e+08,6.009e+07,5.51584e+08,6.53227e+08,4.21634e+08,-8.2654e+07,-3.4513e+07,-2.89885e+07,-4.87185e+07,1,243.271,118,1,120.757,2.53326,1,1,1.51109,1,1,1,1,1.46373e+08,5.03835e+08,8.7873e+08,5.09646e+08,1.73838e+07,6.61105e+07,2.87278e+08,1.23591e+08,5,1
280,4306.22,-24.5968,0.578,0.598,0.764,0.646667,2.24013e+07,6.42253e+07,1.25443e+07,3.3057e+07,8.19668e+07,2.85234e+08,4.41906e+08,2.69702e+08,-7.11973e+07,-2.98536e+07,-2.43656e+07,-4.18055e+07,1,119,119,1,79.6666,1,1,1,1,1,1,1,1,9.33559e+07,2.21597e+08,3.31409e+08,2.15454e+08,2.12157e+07,7.62965e+07,8.82056e+07,6.19059e+07,5,1
281,4304.32,-24.8218,0.654,0.598,0.716,0.656,3.95192e+07,8.97832e+07,2.16988e+07,5.03337e+07,1.20878e+08,5.72349e+08,6.18644e+08,4.3729e+08,-9.09488e+07,-3.09861e+07,-1.80888e+07,-4.66745e+07,1,119,119,1,79.6666,1,1,1,1,1,1,1,1,1.03134e+08,8.27585e+08,1.4404e+09,7.90374e+08,3.15573e+07,1.35403e+08,1.31275e+08,9.94118e+07,5,1
282,4302.43,-24.744,0.63,0.556,0.708,0.631333,3.68006e+07,7.07586e+07,1.99837e+07,4.25143e+07,9.6945e+07,5.13682e+08,8.53867e+08,4.88165e+08,-6.61562e+07,-2.84431e+07,-2.2706e+07,-3.91018e+07,1,119,119,1,79.6666,1,1,1,1,1,1,1,1,1.60218e+08,5.61293e+08,9.16709e+08,5.46073e+08,2.44659e+07,1.66019e+08,3.36586e+08,1.7569e+08,5,1
283,4302.43,-24.5886,0.65,0.578,0.728,0.652,3.72613e+07,7.26759e+07,2.41932e+07,4.47101e+07,9.51253e+07,3.80472e+08,3.02249e+08,2.59282e+08,-6.57625e+07,-3.07142e+07,-2.10874e+07,-3.9188e+07,1,119,119,1,79.6666,1,1,1,1,1,1,1.16895,1.05632,1.41609e+08,1.22714e+09,1.96901e+09,1.11259e+09,2.32473e+07,6.8989e+07,6.89636e+07,5.37333e+07,5,1
284,4300.54,-24.4412,0.69,0.608,0.74,0.679333,6.86387e+07,6.0677e+07,3.8143e+07,5.58196e+07,1.37309e+08,2.25155e+08,3.34474e+08,2.32313e+08,-7.60092e+07,-2.94182e+07,-2.57415e+07,-4.3723e+07,1,119,119,1,79.6666,1,1,1,1,1,1,1,1,1.22745e+08,6.80962e+08,1.01094e+09,6.04881e+08,2.77635e+07,4.28798e+07,7.04774e+07,4.70402e+07,5,1
285,4298.65,-24.3003,0.726,0.602,0.76,0.696,7.11671e+07,7.03936e+07,1.50022e+07,5.21876e+07,1.5298e+08,4.42759e+08,7.8917e+08,4.61637e+08,-8.69247e+07,-3.37028e+07,-2.44456e+07,-4.83577e+07,1,119,119,1,79.6666,1,1,1,1,1,1,1,1,1.4109e+08,2.62595e+08,4.00286e+08,2.6799e+08,3.30255e+07,1.60364e+08,2.4029e+08,1.4456e+08,5,1
286,4298.65,-24.1185,0.746,0.578,0.814,0.712667,6.32907e+07,4.66954e+07,2.82226e+07,4.60696e+07,1.44942e+08,2.29404e+08,1.27711e+08,1.67352e+08,-8.97396e+07,-3.03255e+07,-2.23865e+07,-4.74839e+07,1,119,119,1,79.6666,1,1,1,1,1,1,1,1,1.46175e+08,4.38979e+08,6.0825e+08,3.97802e+08,3.31744e+07,4.75752e+07,3.16298e+07,3.74598e+07,5,1
287,4296.76,-23.8725,0.71,0.652,0.812,0.724667,5.55952e+07,3.40105e+07,2.09884e+07,3.68647e+07,1.45469e+08,1.68701e+08,1.02602e+08,1.38924e+08,-8.91135e+07,-3.24925e+07,-2.5918e+07,-4.91747e+07,1,119,119,1,79.6666,1,1,1,1,1,1,1,1,1.87532e+08,5.9443e+08,7.7536e+08,5.19107e+08,3.5942e+07,4.42703e+07,2.54961e+07,3.52361e+07,5,1
288,4294.87,-23.8969,0.724,0.59,0.804,0.706,8.80152e+07,2.60032e+07,1.54455e+07,4.31546e+07,2.0082e+08,7.27541e+07,3.09382e+08,1.94319e+08,-1.24332e+08,-2.8357e+07,-2.13027e+07,-5.79973e+07,1,119,119,1,79.6666,1,1,1,1,1,1,1,1,2.30163e+08,4.46107e+08,7.82291e+08,4.86187e+08,4.71984e+07,1.88548e+07,6.11819e+07,4.24117e+07,5,1
289,4294.87,-23.6543,0.754,0.54,0.84,0.711333,8.47847e+07,3.82023e+07,2.4332e+07,4.91063e+07,1.95302e+08,1.70787e+08,1.30005e+08,1.65364e+08,-1.30233e+08,-2.56139e+07,-2.42726e+07,-6.004e+07,1,118,119,1,79.3333,1,1,1,1,1,1,1,1,2.91e+08,8.10138e+08,8.49204e+08,6.50114e+08,4.62991e+07,3.89169e+07,4.15222e+07,4.22461e+07,5,1
290,4292.98,-23.3861,0.754,0.558,0.804,0.705333,9.20338e+07,2.07396e+07,4.24331e+07,5.17355e+07,2.27003e+08,7.35147e+07,4.45444e+08,2.48654e+08,-1.52075e+08,-1.61598e+07,-2.22765e+07,-6.35038e+07,1,119,119,1,79.6666,1,1,1,1,1,1,1,1,3.40473e+08,8.05353e+08,9.3325e+08,6.93026e+08,5.74912e+07,2.06697e+07,1.08094e+08,6.2085e+07,5,1
291,4292.98,-23.0872,0.728,0.666,0.842,0.745333,9.9582e+07,1.93455e+07,1.7218e+07,4.53819e+07,2.33981e+08,1.87573e+08,1.99832e+08,2.07129e+08,-1.56336e+08,-5.28338e+07,-3.85229e+07,-8.25643e+07,1,119,118,1,79.3333,1,1,1,1,1,1,1,1,3.55699e+08,5.23199e+08,7.33305e+08,5.37401e+08,5.43872e+07,5.29535e+07,6.64575e+07,5.79327e+07,5,1
292,4291.09,-22.9911,0.71,0.586,0.702,0.666,1.50708e+08,2.21855e+07,1.6237e+06,5.81722e+07,3.12455e+08,1.12672e+08,3.23969e+08,2.49699e+08,-1.54059e+08,-2.41637e+07,-2.19235e+07,-6.67154e+07,1,119,119,1,79.6666,1,1,1,1,1,1,1,1,4.73376e+08,8.55644e+08,1.33061e+09,8.86543e+08,6.9348e+07,3.29383e+07,8.47133e+07,6.23332e+07,5,1
293,4289.2,-22.642,0.706,0.568,0.728,0.667333,1.19349e+08,1.74168e+07,7.20689e+06,4.79908e+07,2.92865e+08,1.89926e+08,2.26586e+08,2.36459e+08,-1.72264e+08,-3.2876e+07,-3.79975e+07,-8.10457e+07,1,118,119,1,79.3333,1,1,1,1,1,1,1,1,4.84734e+08,8.03069e+08,1.22144e+09,8.36413e+08,7.03927e+07,6.55804e+07,7.62855e+07,7.07528e+07,5,1
294,4289.2,-22.3183,0.688,0.596,0.666,0.65,1.35107e+08,1.8592e+07,5.97079e+06,5.32232e+07,3.10666e+08,1.43555e+08,1.23854e+08,1.92691e+08,-1.8311e+08,-2.69246e+07,-3.83874e+07,-8.28072e+07,1,119,119,1,79.6666,1,1,1,1,1,1,1,1,4.81683e+08,6.87135e+08,1.40158e+09,8.56801e+08,7.45481e+07,5.50096e+07,4.95305e+07,5.96961e+07,5,1
295,4287.31,-22.3699,0.748,0.66,0.664,0.690667,1.76077e+08,6.25815e+07,1.11824e+07,8.32803e+07,3.65546e+08,2.27818e+08,4.09804e+07,2.11448e+08,-2.21155e+08,-5.67543e+07,-3.62242e+07,-1.04711e+08,1,118,119,1,79.3333,1,1,1,1,1,1,1,1,5.30711e+08,7.90931e+08,1.30538e+09,8.75675e+08,7.72361e+07,5.16382e+07,9.6548e+06,4.61764e+07,5,1
296,4285.42,-22.4165,0.666,0.676,0.728,0.69,1.46374e+08,1.22904e+07,7.90561e+06,5.55232e+07,3.33724e+08,2.79804e+08,1.23298e+08,2.45609e+08,-1.98613e+08,-7.70551e+07,-2.78362e+07,-1.01168e+08,1,119,119,1,79.6666,1,1,1,1,1,1,1,1,6.0176e+08,9.29122e+08,9.08042e+08,8.12975e+08,7.85149e+07,1.13635e+08,4.97333e+07,8.06278e+07,5,1
297,4285.42,-22.0419,0.752,0.702,0.786,0.746667,1.66611e+08,4.78298e+06,1.80925e+07,6.3162e+07,3.96309e+08,3.26421e+07,9.50541e+07,1.74668e+08,-2.6709e+08,-1.57125e+07,-1.9778e+07,-1.0086e+08,1,119,119,1,79.6666,1,1,1,1,1,1,1,1,6.43466e+08,8.3228e+08,1.0944e+09,8.56715e+08,9.31151e+07,1.12024e+07,1.81123e+07,4.08099e+07,5,1
298,4283.54,-22.1034,0.702,0.756,0.708,0.722,1.6074e+08,4.22239e+06,1.56307e+07,6.01978e+07,4.13998e+08,1.19402e+08,3.15261e+07,1.88309e+08,-2.51911e+08,-5.00088e+07,-1.72037e+07,-1.06374e+08,1,119,119,1,79.6666,1,1,1,1,1,1,1,1,7.20637e+08,9.47675e+08,1.06245e+09,9.10255e+08,9.58047e+07,4.64419e+07,7.1292e+06,4.97919e+07,5,1
299,4283.54,-21.793,0.708,0.696,0.792,0.732,1.26758e+08,2.5158e+07,1.26631e+07,5.48599e+07,2.99349e+08,8.82635e+07,3.06749e+07,1.39429e+08,-2.00053e+08,-4.24597e+07,-4.68058e+07,-9.64393e+07,1,119,119,1,79.6666,1,1,1,1,1,1,1,1,7.28316e+08,7.99175e+08,1.29351e+09,9.40335e+08,6.9278e+07,2.62357e+07,7.15284e+06,3.42222e+07,5,1
300,4281.65,-21.5191,0.658,0.756,0.676,0.696667,1.22196e+08,4.66298e+07,8.16667e+06,5.89973e+07,2.80103e+08,3.0633e+08,1.61557e+08,2.4933e+08,-1.80903e+08,-8.96395e+07,-2.95026e+07,-1.00015e+08,1,119,119,1,79.6666,1,1,1,1,1,1.00208,1,1.00069,7.09132e+08,9.60272e+08,1.53418e+09,1.06786e+09,6.32664e+07,5.83829e+07,3.23163e+07,5.13219e+07,5,1
301,4279.77,-21.3122,0.688,0.716,0.74,0.714667,1.24264e+08,3.90243e+07,1.76533e+07,6.03138e+07,2.84312e+08,1.87541e+08,8.81127e+07,1.86655e+08,-2.46838e+08,-7.31053e+07,-3.4196e+07,-1.18046e+08,1,119,119,1,79.6666,1,1,1,1,1,1,1,1,5.61741e+08,6.67383e+08,9.45869e+08,7.24998e+08,6.41926e+07,5.59058e+07,2.92009e+07,4.97665e+07,5,1
302,4279.77,-21.1296,0.76,0.724,0.614,0.699333,1.18605e+08,433.539,1.06743e+07,4.30933e+07,2.6694e+08,128663,1.11616e+08,1.26228e+08,-2.50833e+08,-1.86647e+07,-1.39403e+07,-9.44794e+07,1,118,119,1,79.3333,1,30.0397,1,10.6799,1,30.9669,1,10.989,5.90863e+08,7.44015e+08,1.23076e+09,8.55214e+08,5.70748e+07,27428.4,3.56168e+07,3.09064e+07,5,1
303,4277.88,-20.9736,0.658,0.782,0.508,0.649333,8.69037e+07,985.305,2.49636e+07,3.72894e+07,1.93698e+08,453596,5.91627e+07,8.44381e+07,-1.28957e+08,-3.96652e+07,-1.49819e+07,-6.12014e+07,1,119,119,1,79.6666,1,4.68331,1,2.22777,1,3.84221,1,1.9474,5.1836e+08,6.37488e+08,6.11619e+08,5.89156e+08,4.44207e+07,142744,1.20298e+07,1.88644e+07,5,1
304,4277.88,-20.8456,0.604,0.642,0.572,0.606,8.37123e+07,501.639,5.77807e+07,4.71645e+07,1.90854e+08,1.03734e+06,9.70023e+07,9.62977e+07,-1.33042e+08,-2.26829e+07,-2.93824e+07,-6.17026e+07,1,238,119,1,119.333,2,24.7393,1,9.24645,1,26.5444,1,9.51481,4.94431e+08,2.63599e+08,5.70793e+08,4.42941e+08,4.68527e+07,243570,1.92594e+07,2.21186e+07,5,1
305,4276,-20.7728,0.61,0.676,0.632,0.639333,5.49173e+07,529.416,9.49352e+07,4.9951e+07,1.62592e+08,1.69337e+06,1.62696e+08,1.08994e+08,-1.22955e+08,-3.61845e+07,-3.17882e+07,-6.36426e+07,1,119,119,1,79.6666,1,21.3453,1,7.78175,1,27.8881,1,9.96271,4.57172e+08,5.56704e+08,8.02492e+08,6.05456e+08,4.28617e+07,375573,3.21156e+07,2.51176e+07,5,1
306,4276,-20.6913,0.67,0.532,0.59,0.597333,8.44467e+06,539.221,5.08569e+07,1.97674e+07,9.40061e+07,2046.78,1.00059e+08,6.4689e+07,-1.10369e+08,-9.99995e+06,-1.45676e+07,-4.4979e+07,1,119,119,1,79.6667,1.97073,26.332,1,9.76758,1.39662,41.4667,1,14.6211,3.36329e+08,4.6482e+08,6.76412e+08,4.9252e+08,3.0242e+07,529.167,2.18421e+07,1.73615e+07,6,1
307,4274.12,-20.6528,0.724,0.634,0.498,0.618667,37148.6,397.484,8.91741e+07,2.97372e+07,5.94422e+07,3515.48,1.47568e+08,6.90047e+07,-1.28193e+08,-1.59923e+07,-1.90368e+07,-5.44074e+07,1,119.03,119,1,79.6767,1.00033,38.1124,1,13.3709,2.25291,47.9773,1,17.0767,3.10365e+08,3.94943e+08,3.79011e+08,3.6144e+08,1.84069e+07,1266.73,2.71099e+07,1.51727e+07,8,1
308,4272.24,-20.6129,0.618,0.562,0.596,0.592,5739.2,410.311,3.54103e+07,1.18055e+07,5.28492e+07,2373.82,1.14895e+08,5.59155e+07,-7.41468e+07,-5.16802e+06,-2.10009e+07,-3.34386e+07,2.27906,119.35,123.971,2.27906,81.8668,1.00294,40.3876,2.27906,14.5565,3.24822,65.8269,1.39677,23.4906,2.63199e+08,4.15685e+08,3.63141e+08,3.47342e+08,1.71437e+07,542.152,3.43132e+07,1.71525e+07,7,0.628411
309,4272.24,-20.5213,0.632,0.656,0.63,0.639333,6317.57,687.709,2.79283e+07,9.31176e+06,5.16389e+07,3838.83,1.03702e+08,5.17815e+07,-6.52441e+07,-2.41727e+07,-2.85508e+07,-3.93225e+07,1,120.156,119.443,1,80.1998,1.12534,10.4601,1,4.19515,1.62195,39.8471,1,14.1563,1.96103e+08,2.91395e+08,5.77254e+08,3.54917e+08,1.66239e+07,643.337,2.83051e+07,1.49765e+07,5,1
310,4270.36,-20.428,0.718,0.614,0.586,0.639333,6082.44,457.943,1.49062e+07,4.97092e+06,4.79128e+07,2869.91,1.0762e+08,5.18451e+07,-8.48476e+07,-2.50657e+07,-2.0278e+07,-4.33971e+07,2.34254,119.109,119.029,2.34254,80.1603,1.00092,34.4505,2.76142,12.7376,2.04297,48.6073,1.39992,17.3501,1.14665e+08,2.2372e+08,6.18169e+08,3.18851e+08,1.52273e+07,897.237,3.59172e+07,1.70485e+07,5,0.582572
311,4270.36,-20.2427,0.6,0.606,0.606,0.604,319854,384.748,1.98338e+07,6.71801e+06,5.9463e+07,3694.51,1.48888e+08,6.94514e+07,-5.16072e+07,-1.41344e+07,-2.94746e+07,-3.17387e+07,1.10188,122.354,119.052,1.10188,80.8358,1.43974,42.0241,1.10188,14.8552,1.87902,49.6756,1.19147,17.582,7.10516e+07,2.3302e+08,5.87791e+08,2.97288e+08,1.92866e+07,767.031,3.91003e+07,1.94626e+07,6,0.951409
312,4268.48,-19.9373,0.662,0.586,0.54,0.596,4.35173e+06,484.727,3.19084e+07,1.20869e+07,7.66915e+07,3058.7,1.61216e+08,7.93035e+07,-7.35021e+07,-2.28056e+07,-3.88431e+07,-4.50503e+07,1.96361,119.056,119,1.96361,80.0067,1.00051,30.3733,1.96361,11.1125,1.41164,46.0881,1.3954,16.2984,7.31115e+07,6.85274e+07,2.57989e+08,1.33209e+08,2.50582e+07,910.083,4.69792e+07,2.40128e+07,6,0.665682
313,4268.48,-19.6113,0.622,0.624,0.614,0.62,1.45497e+06,605.268,5.24744e+07,1.79767e+07,6.86935e+07,2605.83,9.69218e+07,5.5206e+07,-6.33656e+07,-2.51631e+07,-2.15591e+07,-3.66959e+07,1,154.647,119.008,1,91.5519,1.32372,19.6971,1,7.34028,1.4932,33.1863,1,11.8932,7.03978e+07,1.84885e+08,2.5807e+08,1.71118e+08,2.22631e+07,779.519,2.20185e+07,1.47608e+07,5,1
314,4266.6,-19.2076,0.626,0.652,0.636,0.638,1.98292e+06,476.764,2.45143e+07,8.83257e+06,6.30205e+07,2230.99,9.41369e+07,5.23866e+07,-6.35077e+07,-2.659e+07,-3.85151e+07,-4.28709e+07,1,118,118.001,1,79.0005,1.00076,30.822,1,10.9409,1.7057,32.889,1,11.8649,6.3705e+07,1.447e+08,3.55005e+08,1.87803e+08,2.05657e+07,554.924,2.35141e+07,1.46935e+07,5,1
315,4266.6,-18.8155,0.72,0.63,0.668,0.672667,6016.05,475.404,6.2796e+07,2.09342e+07,4.71866e+07,1.44171e+08,5.04731e+08,2.3203e+08,-7.59768e+07,-4.49377e+07,-4.76427e+07,-5.61858e+07,1,25.2348,119,1,48.4116,1.00938,27.4112,1,9.80685,2.57737,28.9001,1,10.8258,5.70833e+07,2.2754e+08,5.5508e+08,2.79901e+08,1.51054e+07,2.5371e+07,1.0857e+08,4.9682e+07,5,1
316,4264.71,-18.4398,0.646,0.672,0.592,0.636667,4079.14,558.396,2.10612e+07,7.02195e+06,4.20794e+07,89138.8,5.5583e+07,3.25838e+07,-6.64191e+07,-3.83935e+07,-2.0057e+07,-4.16232e+07,1,122.629,123.5,1,82.3764,1.35106,21.2399,1,7.86364,2.70229,25.778,1,9.82677,5.8714e+07,2.06984e+08,5.26635e+08,2.64111e+08,1.33615e+07,6707.19,1.25805e+07,8.64958e+06,8,1
317,4264.71,-17.9711,0.68,0.624,0.644,0.649333,4392.49,1058.78,4.38748e+07,1.46268e+07,1.28653e+07,1726.81,8.61521e+07,3.30064e+07,-5.20372e+07,-2.43319e+07,-3.0547e+07,-3.56387e+07,1,128.144,130.509,1,86.5508,1.99343,1.57804,1,1.52382,4.2767,44.4216,1,16.5661,4.71609e+07,1.84451e+08,4.54679e+08,2.28764e+08,3.32674e+06,269.977,1.96027e+07,7.64322e+06,7,1
318,4262.83,-17.3913,0.56,0.65,0.674,0.628,4341.88,494.863,6.88609e+07,2.29552e+07,1.9761e+07,3251.29,1.28623e+08,4.94625e+07,-4.6303e+07,-1.88834e+07,-3.08853e+07,-3.20239e+07,1,120.321,121.156,1,80.8254,1.01863,29.5554,1,10.5247,4.19135,30.9455,1,12.0456,5.13373e+07,2.18407e+08,4.71537e+08,2.47094e+08,5.38344e+06,990.225,2.97262e+07,1.17035e+07,6,1
319,4262.83,-16.6981,0.636,0.606,0.642,0.628,3542.45,450.492,3.94502e+07,1.31514e+07,8.64655e+06,2523.04,9.24328e+07,3.3694e+07,-5.96674e+07,-1.22204e+07,-2.27635e+07,-3.15504e+07,1.03796,167.41,124.913,1.03796,97.787,1.40712,38.1211,2.14821,13.8921,6.07314,36.3531,1,14.4754,5.541e+07,1.04594e+08,2.51617e+08,1.37207e+08,1.94476e+06,628.711,2.3178e+07,8.37445e+06,8,0.981408
320,4260.95,-16.1177,0.57,0.552,0.504,0.542,3564.55,410.707,333490,112488,484520,1052.75,5.92974e+07,1.99277e+07,-3.95252e+07,-1.4831e+07,-1.49789e+07,-2.31117e+07,12.573,120.802,123.032,12.573,85.469,1.01663,56.0455,11.1216,22.7279,7.21086,59.1466,5.98073,24.1127,4.19326e+07,6.76966e+07,1.89796e+08,9.98083e+07,54309.8,220.105,2.04078e+07,6.82078e+06,7,0.134414
321,4260.95,-15.3713,0.56,0.584,0.62,0.588,3340.2,446.277,9.17148e+06,3.05842e+06,625312,1.70595e+07,5.11767e+07,2.29538e+07,-4.6653e+07,-2.00718e+07,-3.00334e+07,-3.22528e+07,1.70195,121.343,179.929,1.70195,100.991,1.01993,31.0472,1.70956,11.2589,8.75434,32.501,2.10619,14.4538,4.42129e+07,2.72539e+08,5.16281e+08,2.77678e+08,67872.2,3.32248e+06,1.51032e+07,6.16452e+06,5,0.755285
322,4259.07,-14.5534,0.62,0.642,0.63,0.630667,3930.41,534.402,777.752,1747.52,8.13741e+06,1.4061e+06,6.04378e+07,2.33271e+07,-5.20178e+07,-2.78132e+07,-2.80582e+07,-3.59631e+07,6.11648,119.073,118.004,6.11648,81.0647,1.0095,24.6477,8.0799,11.2457,5.12943,37.4763,10.4491,17.6849,5.13535e+07,2.55226e+08,5.30523e+08,2.79034e+08,1.95217e+06,150260,1.40829e+07,5.3951e+06,5,0.351536
323,4259.07,-14.0127,0.57,0.752,0.53,0.617333,3491.29,380.092,157810,53893.9,57245.9,3.12913e+06,3.04884e+07,1.12249e+07,-4.4205e+07,-2.67219e+07,-1.46838e+07,-2.85369e+07,6.27383,118.614,129.754,6.27383,84.8805,1.00651,41.599,6.5806,16.3954,10.0829,23.4404,6.7565,13.4266,6.65129e+07,1.74157e+08,4.05215e+08,2.15295e+08,4175.77,600454,9.41338e+06,3.33934e+06,5,0.260296
324,4257.19,-13.2521,0.584,0.596,0.49,0.556667,2521.73,1108.61,768.136,1466.16,6889.23,1.05386e+07,1.86977e+07,9.74774e+06,-4.1276e+07,-1.93344e+07,-1.10802e+07,-2.38969e+07,18.4316,122.916,119.002,18.4316,86.7834,2.31007,26.5471,18.4324,15.7632,11.852,18.7637,18.8797,16.4985,6.09221e+07,2.37074e+08,4.12608e+08,2.36868e+08,1649.84,2.76386e+06,4.62068e+06,2.46206e+06,8,0.130132
325,4257.19,-12.5787,0.57,0.614,0.546,0.576667,2788.7,316.676,613.226,1239.53,6960.03,625591,2727.47,211759,-3.8797e+07,-1.80731e+07,-1.20132e+07,-2.29611e+07,15.5361,148.081,124.564,15.5361,96.0604,1.2777,61.9956,18.9898,27.4211,12.7308,19.8065,38.8417,23.793,6.52123e+07,3.14539e+08,6.39418e+08,3.39723e+08,1506.35,93807.5,701.087,32005,9,0.136179
326,4257.19,-11.7107,0.578,0.562,0.606,0.582,1973.3,2027.67,501.563,1500.84,5256.38,2.96763e+07,2203,9.89459e+06,-4.24641e+07,-2.40869e+07,-1.74313e+07,-2.79941e+07,30.4769,123.893,165.013,30.4769,106.461,2.01745,9.82489,24.9985,12.2803,17.7171,9.78754,33.4389,20.3145,5.1172e+07,2.97547e+08,5.2507e+08,2.91263e+08,1188.03,8.9424e+06,628.472,2.9814e+06,7,0.0895474
327,4255.31,-11.0144,0.628,0.572,0.546,0.582,1637.39,336.838,887.839,954.022,5371.33,4.3312e+07,1.75622e+06,1.50245e+07,-4.26999e+07,-2.31182e+07,-1.21728e+07,-2.5997e+07,11.1424,291.992,153.853,11.1424,152.329,3.19495,46.2231,11.4653,20.2945,16.0972,16.5974,22.3176,18.3374,9.79081e+07,1.4168e+08,1.45861e+08,1.28483e+08,1332.15,1.19438e+07,401609,4.11557e+06,8,0.212922
328,4255.31,-10.2434,0.594,0.536,0.53,0.553333,1197.16,778.566,479.741,818.491,4245.49,1870.48,1991.94,2702.64,-4.04701e+07,-7.55487e+06,-8.17306e+06,-1.87327e+07,30.0843,380.761,340.349,30.0843,250.398,4.74081,10.2326,30.778,15.2505,22.7651,47.4406,56.0604,42.0887,7.04459e+07,3.48927e+08,6.97913e+08,3.72429e+08,1069.36,420.608,602.334,697.433,8,0.0952203
329,4253.43,-9.64526,0.542,0.592,0.534,0.556,910.766,1317.28,482.907,903.652,4178.1,8.40196e+06,1271.5,2.80247e+06,-2.78557e+07,-1.80891e+07,-4.84544e+06,-1.69301e+07,33.3033,331.271,207.271,33.3033,190.615,9.37448,3.37065,29.285,14.01,23.6675,23.3869,62.1201,36.3915,9.88568e+07,2.38859e+08,4.04623e+08,2.47446e+08,1045.34,2.02098e+06,278.454,674101,7,0.0691164
330,4253.43,-8.82368,0.568,0.604,0.552,0.574667,1576.81,766.887,542.393,962.031,3473.78,2.71391e+07,2136.19,9.04823e+06,-3.43558e+07,-2.57017e+07,-1.24918e+07,-2.41831e+07,28.1913,122.714,122.738,28.1913,91.2145,1.03941,6.79648,28.9955,12.2771,31.0219,18.2734,47.9418,32.4124,1.02822e+08,2.36358e+08,5.41797e+08,2.93659e+08,673.009,7.34485e+06,598.994,2.44871e+06,11,0.0898068
331,4251.55,-7.73051,0.582,0.62,0.542,0.581333,1958.12,404.971,744.565,1035.89,3926.62,2.22152e+06,2776.79,742740,-3.87625e+07,-2.49734e+07,-1.28474e+07,-2.55278e+07,16.4549,127.214,119.476,16.4549,87.715,1.07294,37.5237,16.4583,18.3517,28.5409,17.4315,45.2459,30.4061,1.81492e+08,3.62549e+08,5.81989e+08,3.75343e+08,725.043,472265,768.784,157919,6,0.146797
332,4251.55,-6.89121,0.552,0.636,0.542,0.576667,880.695,888.496,774.861,848.018,3080.03,8.12972e+07,1610.97,2.71006e+07,-2.74826e+07,-3.25831e+07,-9.10612e+06,-2.30573e+07,14.3805,405.975,257.072,14.3805,225.809,9.10513,8.75974,14.7168,10.8606,27.9829,7.40714,59.2457,31.5452,2.09317e+08,3.30379e+08,5.2673e+08,3.55475e+08,721.904,2.75495e+07,394.346,9.18355e+06,7,0.149305
333,4251.55,-6.13296,0.574,0.526,0.522,0.540667,2145.53,1667.93,586.402,1466.62,4753.36,6.16002e+07,3128.73,2.0536e+07,-3.55184e+07,-2.44497e+07,-1.1129e+07,-2.3699e+07,20.907,119.208,222.122,20.907,120.745,1.00262,4.94594,20.9577,8.96874,22.0337,19.1822,45.7145,28.9768,2.39491e+08,3.66309e+08,4.40258e+08,3.48686e+08,878.565,1.49032e+07,953.063,4.96834e+06,10,0.125226
334,4249.67,-5.54524,0.578,0.616,0.528,0.574,988.234,697.232,507.29,730.919,3525.63,2.47606e+07,1470.1,8.25518e+06,-4.01767e+07,-2.74825e+07,-6.26682e+06,-2.4642e+07,23.2411,442.404,128,23.2411,197.882,8.43371,21.5103,27.8937,19.2792,25.4735,19.1623,52.1287,32.2548,1.39534e+08,1.581e+08,1.74813e+08,1.57482e+08,855.993,5.66573e+06,373.23,1.88899e+06,10,0.107685
335,4249.67,-4.9227,0.584,0.586,0.552,0.574,1106.41,850.504,572.817,843.242,4146.01,2087.7,1562.79,2598.83,-3.65389e+07,-1.53742e+07,-5.13406e+06,-1.90157e+07,22.4002,263.218,118.98,22.4002,134.866,3.54193,18.5762,23.4308,15.183,24.6534,42.7298,56.3026,41.2286,1.33283e+08,9.87905e+07,8.03492e+07,1.04141e+08,886.238,454.582,395.925,578.915,9,0.0846537
336,4247.79,-4.2814,0.578,0.512,0.486,0.525333,924.055,262.379,441.004,542.479,3725.75,837341,1925.61,280997,-2.76532e+07,-1.55002e+07,-6.11e+06,-1.64212e+07,20.6718,361.852,151.951,20.6718,178.158,8.14697,49.7134,36.7711,31.5438,22.3846,26.6056,60.8623,36.6175,1.8878e+08,4.39062e+08,6.00022e+08,4.09288e+08,938.505,106330,465.923,35911.6,7,0.146301
337,4247.79,-3.60514,0.574,0.568,0.534,0.558667,1103.33,497.174,462.979,687.827,3523.57,2253.05,2405.29,2727.3,-3.70181e+07,-1.61302e+07,-1.20475e+07,-2.17319e+07,20.119,232.72,120.237,20.119,124.359,4.76578,25.5562,29.1896,19.8372,22.1167,35.8838,39.0082,32.3362,1.40501e+08,1.84036e+08,2.40888e+08,1.88475e+08,852.454,606.5,652.767,703.907,6,0.122579
338,4247.79,-2.58176,0.572,0.578,0.524,0.558,841.727,634.164,644.742,706.878,2966.09,1.05378e+07,1448.69,3.51408e+06,-3.68646e+07,-2.2057e+07,-6.73784e+06,-2.18865e+07,14.3729,348.179,119.913,14.3729,160.822,7.99225,20.5031,18.4286,15.6413,28.2881,29.1297,52.959,36.7923,2.13664e+08,1.72946e+08,2.02471e+08,1.9636e+08,734.217,2.20327e+06,340.428,734780,11,0.166958
339,4245.91,-1.90362,0.556,0.526,0.5,0.527333,851.438,705.227,714.789,757.151,3216.33,3547.43,1736.44,2833.4,-3.43091e+07,-2.03583e+07,-9.02327e+06,-2.12302e+07,8.75853,267.689,181.192,8.75853,152.547,6.21682,12.2214,11.7949,10.0777,27.6108,31.846,51.8247,37.0938,1.62156e+08,3.74085e+08,4.69649e+08,3.35297e+08,838.71,671.504,402.469,637.561,10,0.267529
340,4245.91,-1.06893,0.556,0.614,0.556,0.575333,1469.88,1281.13,353.333,1034.78,3692.86,1.04514e+07,1382.23,3.4855e+06,-3.12e+07,-2.88941e+07,-8.13858e+06,-2.27442e+07,38.4672,184.987,120.63,38.4672,114.695,3.43637,1.53483,41.2685,15.4132,27.9399,19.0649,51.2947,32.7665,2.03858e+08,5.07017e+08,5.67437e+08,4.26104e+08,875.988,2.86035e+06,404.248,953875,7,0.048085
341,4245.91,-0.403456,0.586,0.604,0.538,0.576,937.695,803.01,709.091,816.599,3032.56,3.05189e+07,1647.96,1.01745e+07,-3.29603e+07,-2.3332e+07,-4.32951e+06,-2.02072e+07,19.7416,347.361,147.328,19.7416,171.477,8.18563,11.9541,20.5525,13.5641,28.1128,17.0077,61.7946,35.6384,1.59238e+08,5.51133e+08,7.19551e+08,4.76641e+08,770.022,8.92367e+06,430.337,2.97496e+06,11,0.120586
342,4244.03,0.309434,0.612,0.56,0.53,0.567333,954.555,545.137,421.778,640.49,3049.18,1813.37,1408.91,2090.49,-4.09416e+07,-2.51286e+07,-7.50413e+06,-2.45248e+07,32.9163,269.533,153.559,32.9163,152.003,10.4774,22.021,40.034,24.1775,27.0119,33.4528,57.51,39.3249,1.33303e+08,3.05782e+08,2.46151e+08,2.28412e+08,793.36,405.903,377.369,525.544,16,0.0748504
343,4244.03,0.903202,0.574,0.584,0.448,0.535333,1201.41,632.719,387.353,740.492,3258.65,1704.1,1261.18,2074.64,-3.39435e+07,-2.16414e+07,-4.39006e+06,-1.99917e+07,36.3469,251.348,121.732,36.3469,136.476,5.4371,26.4982,43.071,25.0021,26.9732,46.2275,55.3397,42.8468,1.34408e+08,3.16033e+08,4.21947e+08,2.90796e+08,805.303,456.618,318.816,526.912,9,0.0786157
344,4244.03,1.39548,0.576,0.602,0.54,0.572667,1187.09,291.658,380.488,619.747,3549.17,2125.09,1102.47,2258.91,-3.31875e+07,-2.59411e+07,-5.1984e+06,-2.14423e+07,38.0045,354.788,149.603,38.0045,180.798,5.4884,57.5568,46.8364,36.6272,24.1192,33.901,69.7937,42.6046,1.09517e+08,4.06001e+08,4.63439e+08,3.26319e+08,870.747,511.484,290.051,557.427,9,0.0773153
345,4242.16,1.94046,0.54,0.572,0.494,0.535333,1274.67,393.002,257.385,641.686,3604.79,4125.14,1071.66,2933.86,-3.70881e+07,-2.4355e+07,-2.68317e+06,-2.13754e+07,44.2934,255.634,173.313,44.2934,157.747,3.22908,47.192,68.3577,39.593,27.1796,32.6517,73.2971,44.3761,9.15459e+07,5.54952e+07,6.22972e+06,5.10903e+07,865.514,834.728,292.561,664.268,13,0.0574357
346,4242.16,2.35796,0.576,0.652,0.52,0.582667,1290.8,908.465,391.784,863.682,3964.47,409528,1159.44,138217,-3.8595e+07,-3.57134e+07,-9.77397e+06,-2.80274e+07,30.6036,277.745,201.467,30.6036,169.939,4.93018,9.65961,42.059,18.8829,23.8511,25.2956,52.8074,33.9847,8.14871e+07,2.72254e+08,3.92412e+08,2.48717e+08,943.399,49604.9,303.831,16950.7,11,0.0701469
347,4242.16,2.70248,0.536,0.5,0.496,0.510667,1241.34,347.57,780.048,789.654,3817.93,1219.05,1365.92,2134.3,-4.60938e+07,-1.37217e+07,-6.45302e+06,-2.20895e+07,13.1713,179.543,124.601,13.1713,105.772,2.8245,49.6094,20.5985,24.3441,22.2776,54.7583,60.9378,45.9912,8.89906e+07,4.14329e+07,1.7347e+07,4.92568e+07,951.504,321.111,336.122,536.246,14,0.174668
348,4242.16,3.05103,0.566,0.532,0.512,0.536667,1386.8,334.957,375.817,699.193,3856.48,1451.78,1551.65,2286.64,-4.93676e+07,-1.18781e+07,-9.26122e+06,-2.35023e+07,30.6599,210.095,122.44,30.6599,121.065,2.70794,48.8554,40.9232,30.8289,23.547,59.8803,47.4464,43.6245,8.87448e+07,1.6456e+07,2.06247e+07,4.19418e+07,883.487,403.842,447.821,578.383,13,0.0704917
349,4240.29,3.43925,0.576,0.538,0.544,0.552667,959.273,401.58,630.073,663.642,3210.02,1235.39,1361.87,1935.76,-4.75151e+07,-1.20369e+07,-9.19746e+06,-2.29165e+07,11.2684,373.365,220.648,11.2684,201.76,10.5373,43.7491,14.7011,22.9958,26.6714,44.2507,41.639,37.5204,7.72301e+07,2.75506e+07,2.35631e+07,4.27812e+07,812.069,298.428,267.55,459.349,16,0.229255
350,4240.29,3.65383,0.558,0.586,0.512,0.552,1428.22,926.039,219.354,857.871,4373.86,1607.72,828.489,2270.02,-5.10113e+07,-2.80534e+07,-4.32593e+06,-2.77969e+07,62.9557,336.164,151.351,62.9557,183.49,3.73492,1.66301,105.04,36.8126,22.9042,42.2705,74.4326,46.5357,1.00204e+08,2.28449e+08,2.61474e+08,1.96709e+08,994.072,223.499,197.985,471.852,8,0.0416627
351,4240.29,3.89805,0.562,0.494,0.514,0.523333,1840.31,168.697,297.529,768.846,4963.51,2024.83,1187.81,2725.38,-6.19186e+07,-1.25446e+07,-5.13356e+06,-2.65323e+07,38.7008,198.088,125.596,38.7008,120.795,1.68729,78.5059,55.7413,45.3115,19.9834,36.3818,62.6954,39.6869,8.72142e+07,2.03739e+08,2.61029e+08,1.83994e+08,1181.59,635.61,352.33,723.176,14,0.0544178
352,4240.29,4.01741,0.546,0.6,0.484,0.543333,2138.61,372.898,197.417,902.975,5654.32,2696.39,786.079,3045.6,-5.35434e+07,-1.29309e+07,-5.78356e+06,-2.40859e+07,35.1926,142.369,124.063,35.1926,100.541,1.20386,39.7612,89.5717,43.5122,16.0165,42.6659,61.0646,39.9157,8.83765e+07,1.29087e+07,1.35084e+07,3.82645e+07,1260.02,815.503,203.782,759.769,7,0.0737006
353,4238.41,4.09567,0.59,0.49,0.518,0.532667,1604.98,341.459,235.763,727.399,5647.65,1200.44,956.536,2601.54,-7.7978e+07,-3.09714e+06,-6.72569e+06,-2.92669e+07,20.2552,248.441,123.963,20.2552,130.887,3.63016,57.3475,79.4169,46.7982,14.8851,72.9327,51.6422,46.4867,7.76941e+07,7.77128e+06,1.72787e+07,3.4248e+07,1395.82,266.139,239.119,633.692,11,0.11539
354,4238.41,4.1603,0.572,0.494,0.554,0.54,1358.87,330.258,235.855,641.66,5064.94,1010.62,948132,318069,-8.38978e+07,-1.6001e+06,-1.35832e+07,-3.30271e+07,76.7679,453.873,344.781,76.7679,291.807,6.22769,55.5204,81.5407,47.7629,18.5325,79.9904,29.4124,42.6451,1.13779e+08,2.85032e+07,2.78076e+07,5.66965e+07,1231.27,255.557,117433,39640,14,0.039884
355,4238.41,4.01676,0.562,0.61,0.506,0.559333,1836.78,175.383,172.417,728.194,5535.1,1242.71,823.465,2533.76,-8.71737e+07,-1.04012e+07,-1.11331e+07,-3.6236e+07,113.077,218.298,302.294,113.077,211.223,2.05319,120.187,112.073,78.1044,16.4259,53.3661,43.6511,37.8144,1.0789e+08,1.25192e+07,2.46349e+07,4.83481e+07,1332.45,288.364,199.699,606.838,8,0.0166887
356,4238.41,3.93625,0.558,0.608,0.512,0.559333,2066.94,248.586,239.072,851.532,6396.29,1560.55,926.688,2961.18,-8.989e+07,-1.13073e+07,-4.74237e+06,-3.53132e+07,39.7802,159.669,125.66,39.7802,108.37,1.36621,58.7244,80.7908,46.9605,14.9406,52.2287,63.7505,43.6399,1.08084e+08,9.45515e+06,2.15486e+07,4.63627e+07,1445.42,501.19,246.32,730.976,12,0.0461298
357,4238.41,3.79357,0.664,0.494,0.524,0.560667,1989.78,174.996,197.667,787.481,7544.06,690.859,777.946,3004.29,-1.20753e+08,-2.85161e+06,-6.03812e+06,-4.32143e+07,49.519,329.639,152.231,49.519,177.13,3.5511,116.164,116.9,78.8718,11.7445,78.8553,55.5131,48.7043,1.13035e+08,2.05754e+06,1.27333e+07,4.26087e+07,1644.82,183.5,186.014,671.445,10,0.0416028
358,4238.41,3.87349,0.61,0.57,0.484,0.554667,1491.98,503.689,261.685,752.453,5038.94,1215.5,700.623,2318.35,-9.38884e+07,-7.97503e+06,-7.38462e+06,-3.6416e+07,42.5527,391.081,234.722,42.5527,222.785,7.46335,26.921,92.0827,42.1557,15.6592,57.5773,54.1863,42.4743,9.91926e+07,1.15021e+07,2.68401e+07,4.58449e+07,1260.28,264.106,173.978,566.123,15,0.0544829
359,4236.53,3.66542,0.592,0.552,0.516,0.553333,2307.76,183.127,211.841,900.909,6758.08,1051.95,690.188,2833.41,-9.93115e+07,-3.04245e+06,-6.71775e+06,-3.63572e+07,52.2386,147.169,120.127,52.2386,106.512,1.24287,79.6394,114.529,65.1372,11.9309,79.6846,58.3328,49.9827,1.02339e+08,7.26331e+06,2.70439e+07,4.55488e+07,1536.07,305.099,173.16,671.443,10,0.0428809
360,4236.53,3.68573,0.542,0.506,0.498,0.515333,1881.35,387.934,216.045,828.443,5355.45,863.691,590.52,2269.89,-8.31591e+07,-2.80736e+06,-5.59543e+06,-3.05206e+07,50.2746,144.91,196.193,50.2746,130.459,1.22694,51.7651,109.706,54.2326,20.5537,82.3786,68.1206,57.0176,8.22751e+07,4.15823e+06,8.96031e+06,3.17979e+07,1253.92,208.045,146.624,536.196,13,0.0414378
361,4236.53,3.39898,0.532,0.548,0.516,0.532,1642.11,274.719,222.264,713.031,4168.03,1060.94,1900.85,2376.61,-9.46325e+07,-4.43654e+06,-1.05287e+07,-3.65326e+07,41.5538,170.995,130.728,41.5538,114.425,1.84893,74.7084,84.11,53.5558,21.1599,67.9851,38.5268,42.5572,9.92227e+07,3.45836e+06,2.93274e+07,4.40028e+07,951.839,271.499,358.121,527.153,9,0.0541946
362,4236.53,3.21883,0.582,0.47,0.51,0.520667,990.555,351.951,197.146,513.217,4486.95,852.264,523.288,1954.17,-1.02386e+08,-3.79608e+06,-7.67699e+06,-3.7953e+07,118.901,360.99,465.878,118.901,315.256,9.07365,65.8074,137.296,70.7256,18.3863,70.1212,56.8839,48.4638,1.04485e+08,8.25423e+06,1.51187e+07,4.26194e+07,1164.37,195.84,124.628,494.945,22,0.0255492
363,4236.53,2.94668,0.552,0.572,0.498,0.540667,1604.42,461.217,229.286,764.975,4648.19,1268.95,704.842,2207.33,-8.9452e+07,-1.50221e+07,-5.54259e+06,-3.66722e+07,52.8883,166.209,120.008,52.8883,113.035,1.4578,44.6332,94.7862,46.9591,19.3431,41.6564,63.5716,41.5237,1.13682e+08,1.95759e+07,1.39311e+07,4.90629e+07,1020.08,359.572,187.003,522.217,14,0.0418892
364,4236.53,2.75744,0.652,0.564,0.492,0.569333,1325.78,129.641,123.46,526.294,7407.78,495.727,431.402,2778.3,-1.3218e+08,-1.33964e+07,-3.90504e+06,-4.9827e+07,128.808,376.875,305.54,128.808,270.408,6.3844,155.964,180.726,114.358,14.4412,46.0061,73.4556,44.6343,1.28795e+08,1.27563e+07,1.15485e+07,5.10331e+07,1479.95,132.588,107.648,573.395,18,0.0194268
365,4236.53,2.67153,0.592,0.532,0.524,0.549333,1133.66,215.607,130.375,493.215,3715.66,745.51,516.146,1659.11,-1.20615e+08,-1.26244e+07,-5.11489e+06,-4.6118e+07,58.6087,326.359,168.324,58.6087,184.43,5.97801,95.0701,153.269,84.7725,20.5696,47.99,67.4823,45.3473,9.97483e+07,1.65816e+07,1.56486e+07,4.39928e+07,887.234,180.471,136.214,401.306,17,0.039653
366,4234.24,2.45488,0.59,0.536,0.492,0.539333,1358.66,194.283,179.149,577.366,3391.02,524.242,515.809,1477.02,-1.00411e+08,-1.05851e+07,-4.34244e+06,-3.84463e+07,65.0116,185.265,141.224,65.0116,130.5,2.05438,127.549,147.303,92.3022,27.3984,58.5254,65.0415,50.3218,9.99862e+07,1.06198e+07,9.43917e+06,4.00151e+07,735.724,132.956,130.549,333.077,13,0.0373702
367,4234.24,2.22787,0.582,0.532,0.496,0.536667,1314.1,208.002,179.222,567.108,3814.52,552.141,516.115,1627.59,-9.45985e+07,-7.67044e+06,-4.78182e+06,-3.56836e+07,71.9201,162.288,152.364,71.9201,128.857,3.01313,136.756,150.298,96.6891,24.2904,60.9957,67.7208,51.0023,1.26218e+08,2.11959e+07,1.38458e+07,5.37533e+07,873.369,133.292,122.124,376.262,20,0.0391025
368,4234.24,1.99681,0.594,0.526,0.522,0.547333,934.25,132.623,158.923,408.599,3336.55,517.555,457.229,1437.11,-1.27278e+08,-8.05755e+06,-8.44846e+06,-4.7928e+07,70.7595,439.84,207.989,70.7595,239.53,8.6065,133.255,147.72,96.5274,19.6437,62.7877,55.996,46.1424,1.4492e+08,1.1053e+07,1.62616e+07,5.74114e+07,823.377,142.053,121.478,362.303,21,0.0258949
369,4234.24,1.76263,0.594,0.508,0.488,0.53,1028.38,112.496,106.051,415.643,3487.04,329.824,410.176,1409.01,-1.26466e+08,-7.9704e+06,-5.97067e+06,-4.68023e+07,154.58,418.339,379.669,154.58,317.53,7.98377,223.787,184.06,138.61,22.3277,63.1195,58.1,47.8491,1.22302e+08,6.9807e+06,1.60744e+07,4.84524e+07,870.967,86.0097,103.904,353.627,18,0.0151793
370,4234.24,1.56556,0.622,0.548,0.498,0.556,899.25,165.861,132.07,399.061,3080.42,767.146,509.459,1452.34,-1.33604e+08,-1.68402e+07,-7.3059e+06,-5.25832e+07,162.774,265.898,372.866,162.774,267.179,8.4828,122.569,164.314,98.4552,22.0658,40.6744,52.2933,38.3445,1.3197e+08,1.86284e+07,1.90901e+07,5.65628e+07,750.979,187.989,121.735,353.568,27,0.0151699
371,4234.24,1.39131,0.608,0.534,0.518,0.553333,936.555,257.592,147.418,447.188,2880.63,585.725,410.979,1292.45,-1.10028e+08,-1.01234e+07,-8.3703e+06,-4.28406e+07,148.91,433.904,376.034,148.91,319.616,7.02036,117.541,177.38,100.647,28.0594,56.5434,53.5638,46.0555,1.06962e+08,1.86718e+07,1.50615e+07,4.68984e+07,667.614,125.531,99.3861,297.51,24,0.0158145
